Group number,Relative Separation [kpc],Relative Velocity [km/s],Pair Type
2931.0,273.20790636366337,140.7065905332625,Major
3321.0,252.33317836405138,44.67506169280283,Major
3380.0,476.9642494429789,163.39504342317983,Major
3447.0,264.5312129757552,115.19867761007963,Major
3599.0,288.9378129354514,75.35566263656905,Major
3704.0,328.752719409159,98.52444109373991,Major
3768.0,333.97552374474196,285.79717554271303,Major
4020.0,325.4444432398248,177.598152129662,Major
4054.0,329.7607232791664,76.00197700800942,Major
4093.0,350.14103742220465,39.883288584211776,Major
4257.0,356.7941477283586,141.03029460001815,Major
4312.0,310.97493343297464,123.5775007902974,Major
4474.0,261.94092802980555,81.789500197766,Major
4490.0,194.72912068423938,97.68548571769585,Major
4570.0,303.73923292221406,141.170807634993,Major
4616.0,376.1622186705675,63.16697368091257,Major
4636.0,242.19272992787063,81.54798613626646,Major
4637.0,240.709981488973,774.0998833947066,Major
4686.0,139.75880688381793,88.85862281347144,Major
4700.0,255.36334820520108,55.25877982692751,Major
4733.0,277.9482386947383,220.6374700569087,Major
4740.0,378.5182757445064,118.88976327131249,Major
4791.0,318.4788371251549,84.44042170327239,Major
4864.0,247.3042547079183,96.13810352395276,Major
4865.0,291.538630860377,15.370529121149065,Major
4873.0,283.3809461203245,77.03907283907469,Major
4891.0,224.83839983965288,187.72743664658327,Major
4894.0,215.91148758562113,99.32078402115332,Major
4926.0,272.3903086477306,152.5633617953891,Major
4948.0,229.34335540403214,132.60366403677628,Major
4955.0,307.957189219382,74.87363474392696,Major
4974.0,350.44200769949026,397.54429198061234,Major
4988.0,120.514894008395,184.773751252252,Major
5045.0,332.42339236798216,84.828395807692,Major
5183.0,260.3318608698494,74.21272641964735,Major
5244.0,142.0582294819198,112.30558325361166,Major
5277.0,241.55558831929193,248.53578340415294,Major
5344.0,178.3048623748805,118.84869886044528,Major
5345.0,142.45248635090434,94.36539960758023,Major
5353.0,198.14812396835927,58.38258422292675,Major
5432.0,356.7182312088808,80.00370310445525,Major
5436.0,333.556258367677,56.73865140925133,Major
5471.0,268.6362523197457,83.25102919759618,Major
5550.0,214.1696021872369,79.71095365778024,Major
5609.0,91.36264284464534,50.009628239419676,Major
5697.0,191.13128554251526,44.84859414654991,Major
5724.0,198.77740926342645,84.78412807806271,Major
5779.0,148.01153029799113,96.79540789065948,Major
5793.0,354.1928254784746,36.73201276841027,Major
5811.0,347.5599482999836,52.996116217142216,Major
5854.0,95.09963894458424,82.67151941582554,Major
5864.0,208.2859888951241,428.5319400994487,Major
5879.0,403.2798297298695,38.703531014540836,Major
5930.0,225.26744007527722,120.56633682528721,Major
5980.0,213.19450439164632,84.55649270386769,Major
6007.0,68.71397594937145,52.17467495137711,Major
6033.0,216.42555826146662,73.52942786156926,Major
6158.0,300.3528970317432,64.18834151973412,Major
6165.0,186.97583717373502,101.64540057607087,Major
6168.0,160.71653430357696,44.26732859640767,Major
6226.0,94.62460273307838,94.55076361150773,Major
6280.0,252.66657257222198,161.6997822109993,Major
6309.0,70.621387045473,40.48143308538608,Major
6311.0,239.8462696981348,64.40986830715902,Major
6322.0,194.6359027363842,94.45792996535444,Major
6428.0,58.8160767634849,61.332686217332416,Major
6431.0,219.74365415984974,233.38767992581106,Major
6440.0,292.2300715562922,53.43288337101573,Major
6465.0,52.558289362191594,70.2664450266431,Major
6485.0,65.02215431955037,61.402526829119964,Major
6529.0,168.32836513024355,81.28211335390317,Major
6530.0,250.8333635119897,63.08472422099864,Major
6536.0,306.61605960773346,65.64300407800772,Major
6622.0,72.60751710080692,81.0056724271839,Major
6651.0,233.41088648402587,115.03937579406094,Major
6669.0,249.31264025923676,70.09343538941182,Major
6697.0,77.15719841564652,53.25728636104182,Major
6760.0,263.6791175923532,72.20504669166819,Major
6787.0,276.8700189496094,65.83957931890681,Major
6891.0,250.35833972201777,69.39247077966613,Major
6922.0,247.0402442482623,604.6269189147565,Major
7008.0,43.242016019291825,69.3047372476641,Major
7059.0,200.9181266151933,325.543958396917,Major
7066.0,67.16247191692014,8.125960579737141,Major
7074.0,19.25038128622457,55.61680217676818,Major
7078.0,292.6259738904863,64.58944708660154,Major
7122.0,112.88088260893635,219.58442038129445,Major
7178.0,235.09588730991425,112.43400006733694,Major
7240.0,300.18474017746445,69.79620619623404,Major
7242.0,45.727874067452234,70.62279599665283,Major
7256.0,135.81895140987262,87.05073376794284,Major
7264.0,35.64316892143625,79.77575259792287,Major
7303.0,271.4561938744891,91.69109214789638,Major
7341.0,277.223733072817,86.94104891479297,Major
7379.0,86.60198388754824,28.829115927644807,Major
7391.0,83.73978233016922,70.28534130765448,Major
7398.0,93.58478286252839,28.931276600438036,Major
7620.0,78.88341819856619,41.309303264740414,Major
7727.0,33.17371291641914,69.89508652079584,Major
7937.0,87.49195118114585,80.0176306311965,Major
7941.0,70.34752876732601,82.35048553894674,Major
7966.0,89.29766693914347,48.15423920205658,Major
8000.0,29.93777620508851,79.60571697506424,Major
8003.0,263.26849548107924,96.97920257401633,Major
8106.0,196.32368925984542,63.5949161288793,Major
8117.0,263.2561777896222,53.39997476944806,Major
8159.0,42.94987418197751,39.90964339512458,Major
8207.0,191.666270893047,69.81009249655156,Major
8254.0,269.0832770337978,48.006256750507006,Major
8260.0,74.8069287528971,71.40608244781622,Major
8324.0,44.77314273446942,53.52263770232045,Major
8344.0,54.468228289826286,11.240670490372208,Major
8435.0,64.027665993487,75.60921507022441,Major
8474.0,169.3691640555391,77.75417498468438,Major
8608.0,225.6641078427937,57.73291095931205,Major
8620.0,106.38047900926512,86.98424862838054,Major
8792.0,161.30413807877198,90.34094603439138,Major
8805.0,53.29823968104038,19.371282143398147,Major
8891.0,53.707597610250964,19.760122510641246,Major
8904.0,68.79427024056002,35.6402353433728,Major
8929.0,138.69795739800207,64.49074486971605,Major
9063.0,87.03392281849924,13.527074298965108,Major
9180.0,26.0409250913613,7.667256073098974,Major
9202.0,37.29238723372538,57.79404235615873,Major
9304.0,27.762414049829808,40.066201466480805,Major
9346.0,62.69403592654932,23.72544073894378,Major
9417.0,281.2067600072872,49.76566344432633,Major
9456.0,60.94366680704238,46.760631122428684,Major
9567.0,50.37414795029572,49.47337903239044,Major
9781.0,74.04335258276907,27.54617270982286,Major
9923.0,97.77934587862178,62.11912229596901,Major
10241.0,49.35995714477464,39.49481547108916,Major
10302.0,73.07123232416596,52.021696880679336,Major
11102.0,32.630305866645415,38.811829032133566,Major
11196.0,51.90797774961563,59.719688789364874,Major
11288.0,52.22567671893758,26.172019439259394,Major
11736.0,63.221224382325914,28.207781103248728,Major
12017.0,11.682451346397752,53.19947022232596,Major
12481.0,20.32287813320372,38.655343094230844,Major
12753.0,47.62472316520176,36.85320882619966,Major
12882.0,28.959601162258448,6.038114945653126,Major
13224.0,31.444134344067255,27.202161035310574,Major
13756.0,18.0909240061985,43.7508354729053,Major
2940.0,421.6409041832405,218.1574431293172,Minor
3165.0,522.7454760715405,264.9212305297339,Minor
3189.0,582.7309699015948,305.5694276660562,Minor
3793.0,383.6002029954851,221.54787146698072,Minor
4005.0,409.6348891293008,220.57875344410715,Minor
4100.0,539.3268574750548,125.00157095822725,Minor
4287.0,343.00393194550065,650.6019670921975,Minor
4290.0,369.3901515041763,156.89544188884096,Minor
4344.0,322.49113444112356,172.3763666808344,Minor
4389.0,328.9205082142491,195.2714717477896,Minor
4390.0,232.32279371373468,232.83572432983829,Minor
4402.0,302.30140840135925,241.3042695206635,Minor
4421.0,316.55123850928493,182.48238745711797,Minor
4441.0,358.4808506423637,160.30461331937298,Minor
4534.0,487.97106032885466,434.62328723470347,Minor
4540.0,436.47719995532015,189.30783308349496,Minor
4599.0,336.24563492524476,219.9379928016063,Minor
4765.0,320.4654235698548,190.40736387417837,Minor
4833.0,224.268944850883,178.48802026980917,Minor
4870.0,528.2064216645831,171.83272890941748,Minor
4953.0,342.0017627984681,208.9090277582069,Minor
5008.0,155.3822995979474,299.1964940730072,Minor
5021.0,229.84140828233504,171.57011584353825,Minor
5100.0,176.34615046820434,276.2056365238345,Minor
5123.0,409.37213692202545,164.22881546458387,Minor
5126.0,303.85861912094464,201.0966182429967,Minor
5148.0,317.16726839058606,257.32115348236164,Minor
5181.0,360.0902577872437,143.0195214978266,Minor
5222.0,234.25582962400958,277.3796881020618,Minor
5280.0,294.803556871663,195.9853889633544,Minor
5294.0,266.84720584392676,178.73813427894487,Minor
5313.0,313.61257981002603,195.38752614954814,Minor
5378.0,350.3004956044931,175.9443442836254,Minor
5383.0,303.4946345744414,186.65976455643042,Minor
5397.0,292.9597466552947,150.07638615644072,Minor
5444.0,269.4316484757501,184.26740014186134,Minor
5447.0,111.30981340570513,168.95052794238714,Minor
5467.0,266.88986401686,202.37616740743564,Minor
5468.0,334.7795801894164,264.4106911229426,Minor
5476.0,240.8828114669031,200.47274781329736,Minor
5560.0,285.4894584231793,216.18175637102624,Minor
5569.0,245.19409617734837,177.29060494185762,Minor
5582.0,401.3019652058014,224.85138589747228,Minor
5606.0,216.3394985673931,258.8290931227392,Minor
5682.0,259.46858979244746,159.06713819210094,Minor
5704.0,332.26273254654814,174.25474515045687,Minor
5766.0,316.1412742652494,251.25513091981145,Minor
5803.0,374.5294773873152,166.725181532558,Minor
5838.0,213.6953487771119,191.10796613416522,Minor
5858.0,244.41420199251283,254.7493284459451,Minor
5884.0,206.4871501097288,193.73531930197706,Minor
5922.0,296.1168988684467,166.2651339799888,Minor
5943.0,239.99031424977665,187.8735649596897,Minor
5964.0,196.5349504133413,269.62984302010034,Minor
5992.0,253.58928445580415,356.6530686055775,Minor
6023.0,303.1246277592527,185.39980571192916,Minor
6025.0,271.3703550333579,483.8037701739132,Minor
6068.0,274.3938201997269,244.78243631666263,Minor
6070.0,307.03817812998096,175.38822319878145,Minor
6106.0,235.22739540293887,174.52316685869417,Minor
6139.0,279.7450910119219,147.5128294169519,Minor
6143.0,141.7867678265302,211.8589319334875,Minor
6246.0,262.81323291540946,196.15411567396535,Minor
6272.0,288.8472560462766,173.22844996504523,Minor
6282.0,263.55080786119174,233.1371245656129,Minor
6328.0,490.59493571055015,338.84682006853825,Minor
6392.0,359.8958578802922,173.1276188609608,Minor
6464.0,158.79462520779694,149.70632434356838,Minor
6502.0,274.847663259033,178.65910150213682,Minor
6611.0,137.53131449286235,196.6639108494886,Minor
6637.0,331.88846239953114,173.7349780440558,Minor
6658.0,202.66788659513142,191.15317416420157,Minor
6683.0,328.0278667025845,164.4178978269418,Minor
6789.0,161.19249513790749,192.14561417017035,Minor
6840.0,200.40992045424207,168.85661449887897,Minor
6842.0,254.59047712811358,204.2211977513264,Minor
6872.0,182.41659992158276,187.34963985955056,Minor
6915.0,104.5599788136724,195.36680175476954,Minor
6927.0,264.7854462193666,169.5143096126862,Minor
6959.0,117.53314904010529,194.99186374325308,Minor
6994.0,145.49042602617115,204.74869830845705,Minor
7005.0,318.5510799539782,173.69067339689622,Minor
7009.0,90.18040057850718,217.84413493794057,Minor
7012.0,166.66370992695204,220.06038076746302,Minor
7024.0,146.14124053245928,194.40193737092383,Minor
7041.0,123.90646101506904,159.91696644538632,Minor
7050.0,336.7740798030294,260.13216597246696,Minor
7092.0,85.47486594089065,164.12011874527886,Minor
7113.0,260.170211907951,292.71183805678254,Minor
7129.0,123.91671504541536,168.44541753162247,Minor
7138.0,257.933947774778,175.77287416536979,Minor
7163.0,325.5567810410416,169.98684038627843,Minor
7221.0,141.90162595453305,193.68411971736643,Minor
7239.0,114.41628610676055,411.34152268504783,Minor
7260.0,295.4382916059395,164.8342679833389,Minor
7295.0,233.7196595131071,167.31990482697034,Minor
7322.0,274.5554259617355,162.89141349142062,Minor
7340.0,107.10000090200033,130.03299487336767,Minor
7352.0,116.96369926899321,145.89736667933892,Minor
7417.0,146.15233579027768,167.58055343833053,Minor
7425.0,280.07326733629867,162.97660575592474,Minor
7458.0,281.1918454892435,153.3150650688712,Minor
7471.0,255.04103555707937,154.83773686217737,Minor
7505.0,249.1115344045041,925.8293191326022,Minor
7507.0,327.76466504034846,172.93801284226373,Minor
7528.0,167.45485858614967,133.79771557075304,Minor
7535.0,208.12199943708842,174.04710016623702,Minor
7550.0,128.52130830812646,203.22933089854894,Minor
7554.0,168.3993414387783,187.76493811969198,Minor
7595.0,202.58604222877884,234.05933538764216,Minor
7638.0,237.63593075718617,170.41311399765954,Minor
7639.0,147.75156558786296,204.47685761853091,Minor
7654.0,262.42470827678216,164.49901042374947,Minor
7658.0,103.28522326154368,181.2185193388183,Minor
7699.0,224.2434933415995,143.13989452313774,Minor
7706.0,285.8871491964019,189.029836803387,Minor
7751.0,326.56697180417683,152.50674563582018,Minor
7778.0,205.8936854510099,181.74771538516455,Minor
7816.0,300.77130515266583,139.06593658255935,Minor
7843.0,117.20765059166122,198.19954746517067,Minor
7977.0,203.57826463094955,235.4409450360857,Minor
7990.0,101.88868684233117,198.74819270249264,Minor
7996.0,86.50792256021023,186.14225034971895,Minor
8010.0,236.10219596355898,167.34908313368354,Minor
8019.0,165.60236144949295,196.71946752513966,Minor
8142.0,204.50545211229797,182.30836547394438,Minor
8166.0,194.63552791888407,184.22176345688962,Minor
8169.0,104.81037826541737,206.00940107362578,Minor
8174.0,166.71755465770144,186.27993125665046,Minor
8251.0,341.2333660351998,158.32123800932192,Minor
8265.0,279.6966162993457,148.42782735913033,Minor
8320.0,287.18650062791437,163.62339583769267,Minor
8360.0,187.69080109626987,183.57530481659464,Minor
8375.0,164.72906376071603,191.73406158586926,Minor
8377.0,264.59292428156004,170.58370714784996,Minor
8436.0,210.28287154459437,166.41551944450987,Minor
8716.0,139.01568578771912,195.51790565456594,Minor
8731.0,244.69248463660225,154.84241685047874,Minor
8972.0,275.66306712840594,158.16322176860155,Minor
9096.0,205.59868538517318,167.07955588897033,Minor
9154.0,135.19881680929285,174.84640735010083,Minor
9179.0,176.2088572322011,174.11884665835197,Minor
9210.0,217.60129825194082,174.06006685372174,Minor
9660.0,166.61790377857815,174.04528459469492,Minor
9661.0,78.17719034711897,182.3184530465274,Minor
9758.0,111.8593575883416,123.11204809101389,Minor
9949.0,231.27925931901592,154.01024369749518,Minor
10243.0,64.24459580575262,201.86997554022338,Minor
11549.0,114.10119761941212,159.7281620920591,Minor
11597.0,77.10411794972183,169.62387251766688,Minor
2866.0,265.2504485311102,141.46500373276325,Major
3359.0,251.7040328400699,45.02371742299354,Major
3373.0,467.28298325654606,164.28618033226059,Major
3417.0,261.521357726083,115.7365023964589,Major
3585.0,293.3616923505422,73.94719621617153,Major
3740.0,368.2352166145453,277.71565331490433,Major
3806.0,361.30352356869093,205.94437079919436,Major
4072.0,323.00386423652105,76.773797461872,Major
4101.0,307.0732407392176,180.84740973762143,Major
4111.0,353.5617346297942,38.90540201401727,Major
4188.0,332.1444207944453,62.76980248442064,Major
4191.0,365.04234193310526,139.04432251045424,Major
4297.0,300.7923987384385,126.07071354865617,Major
4426.0,314.95010431441085,119.18009935149927,Major
4475.0,181.76731859278829,99.45207295347942,Major
4558.0,319.34433482546746,134.737241253534,Major
4567.0,471.7660639571616,56.50961361015239,Major
4612.0,488.79213335913687,71.44576512829516,Major
4624.0,371.42709188542733,65.17723077796182,Major
4657.0,235.56371071639867,82.72663795960968,Major
4667.0,303.6590310521739,215.11090002449257,Major
4670.0,279.41865980126823,765.1388575956844,Major
4686.0,139.18785496309945,84.75473033063908,Major
4720.0,253.14609777869077,57.90486426293609,Major
4758.0,386.0005042483986,115.52533383939819,Major
4817.0,262.0434425553493,154.1711008600693,Major
4826.0,311.23352290015424,85.67770709930228,Major
4836.0,309.1610313097135,396.5135507522899,Major
4872.0,238.75070043394098,97.32067924269784,Major
4893.0,275.35838275212217,77.42138311570888,Major
4914.0,297.2771908895767,14.056671789159658,Major
4919.0,327.2108790992526,126.13163777661264,Major
4935.0,213.93900469532497,135.73695096042434,Major
4940.0,356.87744786316847,151.58867667043756,Major
4976.0,310.1500596215688,73.12717368369081,Major
4990.0,108.75611408141354,186.97948129903978,Major
5011.0,242.1449207117482,180.76752724954605,Major
5043.0,328.65743549902453,82.89494478675239,Major
5129.0,220.96675265161662,247.33970671408613,Major
5152.0,272.7905571092921,179.46689072149493,Major
5173.0,255.00914680281952,75.75034820983939,Major
5207.0,155.63432318542647,110.32862097967066,Major
5216.0,312.81953221148905,67.55440200526554,Major
5222.0,156.8788333770728,140.461578129315,Major
5317.0,168.5982950863435,118.92408245499787,Major
5327.0,137.43405910631458,91.4751430145473,Major
5368.0,354.7751722945244,80.32948757839583,Major
5438.0,262.4194119806714,82.03367890974802,Major
5451.0,268.45942494470296,69.18949751055258,Major
5455.0,194.15623198259044,60.92226346781279,Major
5485.0,205.8634284716555,81.09673339954045,Major
5527.0,262.5820414652502,93.9408292994859,Major
5579.0,86.47352068569509,51.81454221571906,Major
5599.0,187.52948259474232,89.20763785588882,Major
5645.0,196.21957914064666,42.09251928225707,Major
5904.0,220.7230067815702,121.68277029046486,Major
5971.0,209.53491359750961,75.49587187567906,Major
6154.0,208.87060250478234,83.32732490244756,Major
6161.0,179.76557938725247,102.19095763064823,Major
6187.0,157.8891237038047,45.04512597362514,Major
6195.0,80.7192235090034,97.36936318924249,Major
6238.0,234.0474082977379,66.46008251969774,Major
6322.0,183.80563321870198,85.92937982580712,Major
6335.0,186.66089193804976,94.69949813714352,Major
6342.0,66.22050094761138,45.79099219474392,Major
6420.0,47.817308700641306,70.72992652971385,Major
6421.0,297.34545761808926,64.76445389916573,Major
6464.0,288.4242601837362,53.71249420038739,Major
6533.0,243.23912258944966,64.45681092812174,Major
6534.0,155.32926670004383,86.9332425775527,Major
6537.0,335.6730071892999,139.23954503871056,Major
6567.0,301.6118858886824,66.628091043311,Major
6574.0,49.24851932504712,67.38452594701691,Major
6605.0,69.40650266831872,78.05273068639221,Major
6627.0,232.99578826363228,114.31957993507136,Major
6666.0,248.3015139286169,70.21537812612335,Major
6709.0,78.9793557246843,55.85895536976874,Major
6747.0,272.9733803078512,68.14620872034412,Major
6785.0,370.6068430741586,112.74584615245561,Major
6835.0,208.71063349283554,595.7959074344748,Major
6882.0,250.18604173887468,68.94323821317785,Major
6966.0,63.69586890078482,16.148164611055453,Major
6995.0,226.72785784255032,318.5259737645965,Major
7005.0,50.78107465811301,47.03401652624532,Major
7039.0,289.0505202409691,63.89197007518938,Major
7110.0,96.46403288591618,222.67229031466908,Major
7163.0,293.1123976061267,71.21002458004472,Major
7166.0,53.23752444586629,51.884796981155404,Major
7183.0,233.32499061979152,112.46750636824567,Major
7224.0,125.47239915045036,90.47932218218935,Major
7271.0,47.75982289020347,65.60615676231768,Major
7280.0,96.54866711718553,19.661148198846348,Major
7298.0,267.72320103358834,91.31559995939551,Major
7336.0,87.68573392239882,27.913760971652863,Major
7390.0,281.5317776195897,85.50914071894816,Major
7472.0,76.33982374147939,73.00144452286261,Major
7527.0,25.309800289030242,62.81186510103925,Major
7672.0,71.47605709859822,45.44309266323497,Major
7683.0,38.14521845476092,61.84988999205379,Major
7861.0,137.70475553492065,62.018002437262346,Major
7937.0,90.88821525199845,50.298200737154936,Major
7970.0,30.714870691276477,80.97856471178282,Major
7978.0,76.02671287608797,82.82595383048101,Major
8054.0,189.29436194685096,64.85865522823077,Major
8068.0,258.52060683698807,54.2751360535562,Major
8072.0,60.976914197645385,83.67822313345941,Major
8133.0,339.0936630784343,51.341471529924014,Major
8135.0,183.0644932682766,73.31304830253394,Major
8147.0,35.734841067716054,48.733730460489305,Major
8175.0,66.29455938862671,76.96250576782872,Major
8239.0,50.75499715143269,11.505667400296993,Major
8256.0,264.10306713593263,49.392516723463906,Major
8309.0,39.11475979492838,61.52743145804971,Major
8343.0,24.093518175743277,46.45272221451032,Major
8369.0,66.56672223994593,74.27426347694936,Major
8455.0,166.47620971250996,77.24545605449774,Major
8479.0,47.64806329238844,42.24760693820636,Major
8537.0,219.57332115670678,59.504783054213476,Major
8539.0,250.398499331463,61.943445599607834,Major
8562.0,96.99748773121688,90.1325098201134,Major
8729.0,150.91713900263557,92.56567285998597,Major
8749.0,52.80561429644485,16.353304439498338,Major
8795.0,83.8156002877705,15.42632324707869,Major
8817.0,48.1991300054873,29.19942393245584,Major
8854.0,127.5541474986742,61.839617959714104,Major
8905.0,64.68814199068473,41.11003692987903,Major
9080.0,21.413629223192856,32.87261219106866,Major
9118.0,17.365891270271643,37.47275043615063,Major
9122.0,225.36180762076134,52.77469906726724,Major
9293.0,91.944251187994,82.28745961345622,Major
9327.0,64.54968238086097,15.007514280516977,Major
9427.0,51.863576776867184,56.37143453584745,Major
9513.0,141.47061784494343,83.52375463079282,Major
9521.0,43.36035195828376,50.00361491953704,Major
9551.0,25.887231920292667,43.08065472332006,Major
9711.0,76.43399670375645,29.609824827285962,Major
9804.0,83.25847374631039,65.29567235608425,Major
9816.0,111.54092327810613,61.08978662753138,Major
10219.0,45.264299905585226,45.99513071187276,Major
10232.0,25.689106141150713,31.545666180429276,Major
10536.0,10.742529771905753,85.93130328078927,Major
10571.0,68.41307218690974,59.63540516223926,Major
11059.0,28.778304620734662,42.880106722771764,Major
11154.0,57.822079835515275,55.7335644325552,Major
11211.0,45.20241019710599,45.490814263570456,Major
11632.0,66.32736336703505,21.503178310499134,Major
11949.0,19.825945565266693,50.70361221550805,Major
12262.0,30.2071065550863,19.21703844223198,Major
12399.0,40.971710101402714,49.490420158571474,Major
12542.0,13.877034842478807,63.30972695988843,Major
12722.0,29.415614975564477,45.862862872865726,Major
12938.0,29.933698486781093,77.06579748987656,Major
13372.0,22.802579176025855,31.921562168262806,Major
13949.0,16.370918339946382,34.12357374853117,Major
14779.0,15.651795940066908,68.08880578837963,Major
2967.0,427.76569492445793,216.20270259213532,Minor
3206.0,413.07349258423096,541.7616693098582,Minor
3504.0,610.7833775508557,306.7495057302689,Minor
4037.0,399.9423098575527,220.81702589952104,Minor
4147.0,543.1721484535724,122.05720335107354,Minor
4200.0,328.46327564035863,195.18665037403667,Minor
4272.0,364.72965099844953,159.61796046879812,Minor
4312.0,320.54014009608983,173.68169153886964,Minor
4357.0,467.4351713601314,435.1905179647314,Minor
4372.0,358.45337830007384,161.04847621609667,Minor
4418.0,241.79570655139779,229.93200315007115,Minor
4555.0,322.4208272417894,225.65318405024226,Minor
4635.0,571.1522997346704,173.4371636687547,Minor
4704.0,227.5792089712257,234.99011500811037,Minor
4773.0,321.2759145351303,188.28630516827604,Minor
4842.0,222.86705869507213,177.9898675456575,Minor
4936.0,327.39659053068686,211.59446795803868,Minor
4970.0,162.5334199454158,291.7586990243529,Minor
5060.0,162.08172476809136,281.0786646581815,Minor
5101.0,332.0249202713515,253.39962098469192,Minor
5153.0,311.5278984893607,197.72783329143255,Minor
5211.0,269.86408569959906,210.0208986287582,Minor
5220.0,242.25842409389648,273.58163501412906,Minor
5258.0,305.145806814946,196.99283312011437,Minor
5271.0,299.8604770367191,187.00894563576927,Minor
5279.0,116.43331360553928,157.03359854354932,Minor
5312.0,259.7993554951391,182.5008685914978,Minor
5331.0,362.3234610742033,142.33946704294974,Minor
5351.0,352.8620894500244,175.85396009071255,Minor
5364.0,295.6876378587086,194.1644016919039,Minor
5390.0,290.9420275454588,151.01186834316204,Minor
5410.0,241.42860516163873,196.9898896392993,Minor
5417.0,260.73192719378983,185.3896668150316,Minor
5496.0,273.89701910805,198.48175999858273,Minor
5524.0,274.5326479986672,218.29193718454587,Minor
5547.0,465.26455557075747,309.16876730006675,Minor
5670.0,252.82437236023304,161.38387260217198,Minor
5708.0,234.7524868746522,189.04762923848153,Minor
5726.0,326.1566692964053,175.8272653905047,Minor
5770.0,185.6744916519836,201.1702869963026,Minor
5775.0,336.33254418460945,246.94099082049266,Minor
5782.0,370.6990020900199,166.9467740943006,Minor
5790.0,395.64783344868715,156.54515838907432,Minor
5802.0,360.3251106194962,170.79021075612593,Minor
5813.0,204.20705242927454,531.253009580881,Minor
5825.0,197.19028588262682,191.52676470127898,Minor
5934.0,277.3240032199827,242.65302083555122,Minor
5966.0,177.02150456789997,274.3683001853502,Minor
6015.0,200.24497446351526,262.58104485546556,Minor
6038.0,284.3232308092945,480.1363679085888,Minor
6060.0,304.95830123360304,183.08275784424166,Minor
6084.0,276.6475398897014,146.91495308211773,Minor
6090.0,238.74523543473055,255.5044321789331,Minor
6093.0,305.22068322851646,162.485892750868,Minor
6099.0,222.92519684510415,358.5046733169223,Minor
6108.0,227.53933158758431,177.93556979973508,Minor
6133.0,134.48396341335228,210.1202529010023,Minor
6138.0,303.9998891800934,412.7829202884425,Minor
6144.0,293.43047550249156,213.00776391583128,Minor
6197.0,251.97396899668703,198.49135664277702,Minor
6241.0,273.16960442614015,201.45042103736705,Minor
6284.0,257.6269921651435,234.33802606327998,Minor
6382.0,343.54110302945656,275.4491795155824,Minor
6401.0,156.33591791980348,151.23805537766265,Minor
6406.0,356.38587265001337,173.38224190362178,Minor
6413.0,481.63415459745704,160.32731790503414,Minor
6508.0,333.60388990779,258.229993358903,Minor
6527.0,271.44015476686127,179.0891503152322,Minor
6565.0,334.6022516585924,350.78344388704045,Minor
6570.0,170.8560358452226,192.16039897056044,Minor
6592.0,130.82967251896102,199.0566386547024,Minor
6628.0,192.11714758814244,194.92741545251005,Minor
6762.0,147.56490206496645,192.32120741676533,Minor
6833.0,250.4856940167863,204.44635970465993,Minor
6842.0,204.31379931222455,165.66612402060326,Minor
6915.0,163.6116757472445,220.30131298660825,Minor
6920.0,310.94196250204106,173.7341513810009,Minor
6939.0,258.5414814451947,171.42118043171342,Minor
6946.0,101.78109604680952,192.3412334962823,Minor
6953.0,99.11314893418196,200.20232843488773,Minor
6967.0,141.13843400256377,192.1022913513114,Minor
6992.0,297.3255859404862,179.7332309086944,Minor
7002.0,137.94517991367496,204.1686625099806,Minor
7009.0,121.71774935480914,167.48069150974607,Minor
7034.0,127.92128162338925,152.89568016532897,Minor
7056.0,249.43686961065288,293.84170219630585,Minor
7129.0,249.06134280394494,178.33942484658354,Minor
7159.0,114.30022502396275,408.0026858064904,Minor
7177.0,100.0181539329756,140.44634247165578,Minor
7181.0,319.51893317771123,170.92897724802143,Minor
7199.0,110.28232712702126,149.14080735344402,Minor
7262.0,273.9450952650145,164.97016183165414,Minor
7283.0,268.2724851598813,164.04242446507823,Minor
7294.0,130.83343840009482,196.32302861881902,Minor
7302.0,289.94286513268,165.6632999692398,Minor
7338.0,225.55480774206035,169.85285291699063,Minor
7368.0,248.95908030982739,157.36330608228155,Minor
7373.0,142.14675083071904,172.08984882366343,Minor
7407.0,276.6196453273652,153.79692851699394,Minor
7409.0,190.3506214377661,237.39252759161704,Minor
7433.0,185.287806392059,916.2819342929729,Minor
7462.0,173.60154985103426,127.41263012932028,Minor
7504.0,159.05736826693789,179.9703235562729,Minor
7571.0,205.81610466995858,173.65822202666465,Minor
7587.0,325.41025871523016,173.28301862726738,Minor
7601.0,118.41147642687278,206.8540365140827,Minor
7619.0,282.6304163489189,188.85204506413936,Minor
7625.0,255.26450685859825,166.43498427949527,Minor
7640.0,133.74738131004173,209.56207653734646,Minor
7660.0,237.36387195071643,170.82704345526463,Minor
7681.0,92.85729560217798,185.97749411704294,Minor
7722.0,193.66720103253675,186.40184824120524,Minor
7756.0,297.8691852447797,139.00073901713006,Minor
7795.0,98.22937513305467,203.25412299990697,Minor
7809.0,224.75631951817988,143.70087239844122,Minor
7932.0,84.15353614489325,185.73820144671723,Minor
7933.0,150.89384184404946,197.11454042906195,Minor
7938.0,83.36530852523958,206.69680733743354,Minor
7954.0,190.0135899126419,238.4913120700841,Minor
8039.0,230.39613055199024,170.23111662880046,Minor
8050.0,190.674678446476,182.60979278310242,Minor
8051.0,281.0832702328801,149.37313033837165,Minor
8107.0,197.0813396613655,183.91457635463735,Minor
8164.0,106.46103993980122,206.8722124162121,Minor
8166.0,154.3171645553249,190.25106523888667,Minor
8228.0,280.0810657102655,165.97939771103466,Minor
8269.0,149.25803142806404,190.88683332932362,Minor
8284.0,183.18058615804793,184.79415539367977,Minor
8289.0,259.0551072712076,171.97505867987803,Minor
8428.0,202.24140982041692,170.23093144151386,Minor
8770.0,239.20697947864988,157.4309785189528,Minor
8809.0,272.06255117837793,158.8789891034695,Minor
9039.0,199.5435250508878,170.35103319055622,Minor
9086.0,128.08094016358513,173.05168547285479,Minor
9120.0,164.93302292167826,175.11716779268562,Minor
9142.0,208.5465558381791,176.62015753193805,Minor
9619.0,160.00089156415402,175.96564730132255,Minor
9636.0,86.61103080573426,167.14310252958788,Minor
9648.0,301.56114586938077,142.24947212236575,Minor
9689.0,113.41732898938116,120.12895635683154,Minor
10037.0,223.28026336742215,156.99453124105287,Minor
10043.0,134.15153353757046,165.2361665209845,Minor
11708.0,111.09583790669573,161.8093027324627,Minor
12143.0,80.39237405324552,161.60467220080608,Minor
2780.0,255.49319091908325,142.95589870115694,Major
3258.0,434.48557220312114,23.98768882963556,Major
3266.0,361.3069615928469,70.35450157408754,Major
3353.0,257.77421861788685,116.62208478250228,Major
3359.0,230.5723248635725,94.31023299451003,Major
3466.0,385.7173370792507,89.26686118335527,Major
3623.0,343.2215563936029,97.50897813201355,Major
3755.0,420.54740865954875,267.95878372795386,Major
4031.0,295.2884937535015,96.81192645675218,Major
4069.0,310.2775591585213,78.68436246305473,Major
4132.0,377.196902522638,134.1337437415346,Major
4240.0,283.14790359785053,129.32789343227043,Major
4407.0,309.61154654865817,119.50408178699384,Major
4451.0,324.0438647138804,84.0140429049235,Major
4486.0,261.41310301584394,83.6979077965892,Major
4707.0,138.52150845173588,79.50084874355493,Major
4723.0,249.73775764328695,60.451328971967094,Major
4775.0,299.2823179542496,86.35037378367461,Major
4786.0,249.3813755041385,156.3518279295317,Major
4835.0,228.4225194117695,99.54107358332962,Major
4850.0,264.1589245771443,79.57605625090483,Major
4864.0,190.74770335288665,141.94909126549206,Major
5017.0,268.87755906408677,170.1424348284517,Major
5026.0,314.5551047747642,70.35048250430046,Major
5072.0,197.1686612357231,245.40319195208792,Major
5078.0,351.15845649288315,68.9794045656146,Major
5118.0,264.8460474106895,175.89451827431247,Major
5134.0,305.922277396982,69.13133546945733,Major
5152.0,265.7896084300432,109.06717087962105,Major
5165.0,246.66581750625056,77.52283257736556,Major
5169.0,175.80738852686991,98.29970040048832,Major
5215.0,307.2791727321381,57.81385031598445,Major
5224.0,131.43724809192628,96.72959663365148,Major
5271.0,155.41448940636906,119.46127594377627,Major
5311.0,130.52036316359002,93.3549353077132,Major
5371.0,353.11298517673,80.75312780202427,Major
5402.0,304.15865894709566,11.682707860506627,Major
5411.0,191.86385614617197,84.94176820550486,Major
5425.0,320.5829835996603,60.277405711706045,Major
5450.0,381.75331693663446,146.2271460993853,Major
5465.0,304.3143300995952,82.33190613211235,Major
5474.0,186.57646871422753,64.36347209865153,Major
5487.0,166.90616119504332,91.9010306866799,Major
5521.0,294.7118495970333,76.7645915854489,Major
5579.0,204.64840603450907,36.74770810796504,Major
5710.0,231.06186638332295,162.92654153296175,Major
5712.0,317.87383977472143,683.3149123031443,Major
5764.0,89.8129086104029,270.1085274431573,Major
5889.0,211.3331501720558,123.09388470420005,Major
5904.0,301.0224268397972,62.63384910794149,Major
5925.0,333.8128294390953,109.99921134802675,Major
5969.0,203.53151344544577,85.34319699840006,Major
5981.0,167.59582675852994,104.64505498284784,Major
6119.0,265.67650970104506,67.52652058626478,Major
6139.0,294.7118372466333,64.64166893972909,Major
6165.0,270.2015736919198,373.16077874182605,Major
6200.0,174.95090292662647,96.10556445690318,Major
6201.0,152.78310408527403,44.973647361657214,Major
6266.0,224.9088086539197,68.71078431534418,Major
6276.0,255.10688405718125,66.77671726584121,Major
6297.0,198.59156233775013,78.65984436048488,Major
6327.0,170.02165320223364,88.62522729962497,Major
6393.0,234.2972350468284,67.31663433189757,Major
6415.0,199.96339707880634,93.2651386524993,Major
6421.0,280.6794227619997,55.81147085920794,Major
6521.0,134.7284694264441,90.10779616565434,Major
6555.0,322.00602262896075,140.55488185940268,Major
6578.0,70.55589520601723,77.74904173934729,Major
6599.0,127.90596686935773,102.92914199375942,Major
6617.0,358.7323754195718,111.65296818939353,Major
6624.0,232.40421934449438,113.39395204119232,Major
6631.0,79.10405096253668,64.18524656150285,Major
6652.0,246.33328913155293,70.49334468576363,Major
6736.0,308.74291241833834,68.58946474810334,Major
6808.0,206.636680604041,583.9001295432273,Major
6822.0,248.72644616685963,68.54206087763752,Major
6897.0,286.7124962952038,61.52986900565328,Major
6900.0,55.12393766793889,32.849270018482194,Major
6921.0,56.56331501673861,32.350022260156955,Major
7007.0,283.7508171486836,65.35248648160388,Major
7012.0,269.0705031025066,177.20636993711835,Major
7053.0,84.73536720862661,223.20094033714662,Major
7102.0,263.1410622166605,73.22078495190983,Major
7126.0,59.285717479679185,32.541901665335224,Major
7181.0,231.56625572497333,111.50833626019345,Major
7186.0,282.5122972119048,72.38457787673548,Major
7320.0,48.67214332821258,66.82791382667592,Major
7341.0,287.7443579990908,82.16060937516251,Major
7342.0,83.06061719421479,30.896372451296674,Major
7347.0,98.26986853803663,10.800285820946458,Major
7404.0,55.7164971406553,51.54675637139232,Major
7418.0,284.8977513829893,188.39006734257862,Major
7546.0,60.424250214001965,51.12064843850351,Major
7574.0,67.30292493501258,76.37056148815567,Major
7668.0,49.51098096647283,46.00236567533365,Major
7691.0,22.06902353128161,60.54839246928782,Major
7702.0,135.23455038819853,59.527451995233015,Major
7723.0,263.8797144415277,96.9177209036028,Major
7816.0,49.223396119887745,83.05420109549725,Major
7921.0,44.242390394353805,65.86370397618184,Major
7953.0,90.5460272792456,52.926322492176766,Major
7986.0,55.82255353584896,87.26762291189071,Major
7990.0,176.8410437984683,66.14863078798909,Major
8024.0,250.2861056673288,56.66001621436273,Major
8123.0,279.564910306229,49.88806579461077,Major
8193.0,43.6212070291449,23.449485698670138,Major
8248.0,24.566758240872407,32.06009370973934,Major
8308.0,256.6724595821758,50.961777207852535,Major
8312.0,70.16813372196366,68.30262994372943,Major
8364.0,30.894406895179923,78.98287421022509,Major
8371.0,162.8443240473825,78.92668775001188,Major
8392.0,251.74852840356587,50.40738249299265,Major
8473.0,250.9234626526307,61.481483991699974,Major
8482.0,208.48612931893274,60.88723138678749,Major
8533.0,82.20810388336268,92.74469888709683,Major
8657.0,48.419188898443934,25.202145047706484,Major
8663.0,35.94617783284841,43.37282630041759,Major
8689.0,236.4731089131096,177.93553141471938,Major
8785.0,77.26986481001822,19.44388202356573,Major
8822.0,107.5344831108696,65.91485092049112,Major
8834.0,144.68372998822113,70.1492501847458,Major
8960.0,56.221700557727345,51.64237542120952,Major
8999.0,212.03421523808353,87.95264427326076,Major
9086.0,21.46339371266111,11.167809479254398,Major
9255.0,27.51908681898116,45.49451299302775,Major
9267.0,62.789782761707706,15.582988772382802,Major
9273.0,79.83656647608906,65.84688800441036,Major
9300.0,18.962827776174084,51.711008408708445,Major
9380.0,27.806517791405465,76.35681046642358,Major
9417.0,36.546834210898545,69.75448794187076,Major
9487.0,123.2110400422464,57.81248840857763,Major
9504.0,131.43152763803855,86.55727682463964,Major
9543.0,61.5957668053979,43.02879198696208,Major
9712.0,79.82097706020345,87.16936810121827,Major
9862.0,43.29421548711625,12.570249748912278,Major
9875.0,115.76745455223005,63.127331690795366,Major
10214.0,35.62371219577888,57.08365554157167,Major
10506.0,23.643595871903393,22.89217401642654,Major
10668.0,54.33137723839316,72.45082379786612,Major
11110.0,49.23598890420966,51.04318812160029,Major
11153.0,68.02269831215104,45.72563096599103,Major
11210.0,35.51243945629998,20.449802489136008,Major
11227.0,29.606864342315166,61.48314590682442,Major
11566.0,66.14506963574452,17.222243228981498,Major
11582.0,38.87458304863139,38.24760424380248,Major
11691.0,43.98576522281611,25.974627188750574,Major
11796.0,40.030566979512315,82.06151986861566,Major
11869.0,71.75793097968936,36.083203344956615,Major
12552.0,20.028622933607398,29.657767922590587,Major
12612.0,40.8543686497855,44.405494774054844,Major
12713.0,20.301475344617234,52.045701639114576,Major
12773.0,59.18271789403187,64.45014098667504,Major
12860.0,25.6626808716569,74.7774769890107,Major
12940.0,25.486297162778516,30.302856521902005,Major
14801.0,33.651929346193945,33.26080241198451,Major
2956.0,437.5253863232386,213.89529183490777,Minor
3608.0,655.6503552965979,307.96982159847147,Minor
4020.0,293.37815658207165,507.1226759735386,Minor
4033.0,706.4989679963089,363.848353620592,Minor
4098.0,385.4042372652037,222.36403017038458,Minor
4178.0,549.8645832946647,119.72347744890797,Minor
4232.0,442.632106656165,434.8108118744029,Minor
4256.0,358.02233691870276,162.9236886747468,Minor
4272.0,317.5250337511783,174.83760036391914,Minor
4304.0,358.2940944244754,161.52488081479777,Minor
4322.0,364.4550945175098,309.86803275305203,Minor
4435.0,257.58313475538205,223.91593205369486,Minor
4806.0,221.6425370005165,179.6998349058017,Minor
4838.0,513.2962257890835,173.39153091997264,Minor
4863.0,306.8577297143575,215.96070725655608,Minor
4954.0,291.8821706175912,181.40020677386934,Minor
5022.0,144.6983230047358,286.8983301273407,Minor
5073.0,254.55973005496094,214.54746617417248,Minor
5100.0,367.97252363704985,142.14599895237984,Minor
5153.0,322.7629738401203,193.32155037148408,Minor
5178.0,256.28479461223105,267.1485834772116,Minor
5201.0,587.9844233859318,1109.3819059782975,Minor
5289.0,293.88062898391627,187.19131329694187,Minor
5350.0,303.46367820368954,183.97752312785218,Minor
5362.0,287.48578801274186,152.10041533304383,Minor
5363.0,301.716872703104,191.96914775683564,Minor
5372.0,355.939436120674,176.57076444466452,Minor
5375.0,241.70658538361673,193.45308269790428,Minor
5407.0,246.90250383529047,187.31730234563167,Minor
5460.0,259.14521393050893,223.02544447078526,Minor
5478.0,283.4309387953863,193.52725443999014,Minor
5647.0,226.64708050467453,189.1803039271835,Minor
5695.0,383.80440739145024,152.23113445464446,Minor
5703.0,316.28904560514377,176.5391357156655,Minor
5735.0,269.07397636074967,155.96678060622446,Minor
5741.0,240.48045461688227,164.55930645335025,Minor
5747.0,207.83442206018125,403.25314204326105,Minor
5766.0,180.15709600669916,200.09606145748,Minor
5773.0,164.24786534928512,210.2903446022994,Minor
5776.0,365.9074186670382,240.11236199298887,Minor
5804.0,390.97808007945235,159.038114584001,Minor
5913.0,148.72334702635203,281.8835375726662,Minor
5929.0,175.1093221219786,269.5332204231378,Minor
5949.0,284.46735951854424,240.30734404906704,Minor
6007.0,232.40167385452057,255.65447766885782,Minor
6044.0,232.69310735142935,202.45536847174216,Minor
6052.0,269.9359336677646,148.6806405212278,Minor
6067.0,308.0716049039678,180.57962891084244,Minor
6099.0,365.641952250383,214.82391121213328,Minor
6142.0,280.79281234299566,267.88405764317383,Minor
6163.0,248.493654003772,235.3356476623715,Minor
6199.0,174.39400340331494,363.86061852281637,Minor
6214.0,308.16126276989337,207.76754927560327,Minor
6245.0,317.411776290578,158.0017561451178,Minor
6283.0,161.9512415264658,218.25251331278818,Minor
6323.0,349.161013087409,173.66764086983605,Minor
6391.0,320.81206590147843,350.52801818775276,Minor
6397.0,151.2295585626406,150.93964482189335,Minor
6462.0,266.60369672328466,179.87540120557168,Minor
6535.0,344.84641028137975,168.39463950978805,Minor
6550.0,175.76815247169122,201.39119750624633,Minor
6563.0,118.25191797837088,196.13520034511401,Minor
6573.0,329.8423528063489,254.83297258050354,Minor
6600.0,319.8719827050152,167.549964253813,Minor
6709.0,315.0963273272408,178.06785608126648,Minor
6757.0,127.40232413910512,202.81874591903633,Minor
6785.0,295.38287333500864,161.7548759558671,Minor
6794.0,246.0872396807487,203.49598953521428,Minor
6837.0,152.4481900784953,196.8644621239573,Minor
6855.0,127.47567941540078,176.3054520879186,Minor
6874.0,248.50617762632425,174.05592745976747,Minor
6879.0,206.84763533443794,164.02157801732696,Minor
6896.0,223.07143163590848,901.6457323804883,Minor
6904.0,107.06407473154891,186.38854241691544,Minor
6932.0,302.8123003384354,190.15629810825953,Minor
6939.0,133.8147816866347,192.89580741990423,Minor
6962.0,299.3998926758325,176.78880050116197,Minor
7024.0,128.52908050181077,205.39110179939541,Minor
7033.0,131.84121164699104,146.06786599858145,Minor
7059.0,121.04938537995392,166.27472454166264,Minor
7088.0,233.24591726936453,180.49293358124766,Minor
7121.0,310.3349527475978,172.26189295089478,Minor
7123.0,114.36968754349887,197.5730715096704,Minor
7167.0,95.99580885429896,158.19792434232122,Minor
7189.0,149.69152252203745,394.7155691107198,Minor
7208.0,281.151992600124,167.46486366507565,Minor
7225.0,159.21463482359718,196.92632079025515,Minor
7290.0,249.39708612658805,172.65058946600635,Minor
7298.0,260.2674239731128,166.4467810694435,Minor
7302.0,263.83779300335596,166.67315777107913,Minor
7319.0,372.8027132142537,162.95002799729718,Minor
7353.0,136.29296450123437,180.03434537718522,Minor
7425.0,239.79677225456584,161.9581321908719,Minor
7432.0,204.8077263626927,172.4174627683159,Minor
7469.0,318.0339449086919,173.84947589769862,Minor
7478.0,178.5945465698154,119.05717000979871,Minor
7505.0,169.53193171176758,243.44967304531355,Minor
7548.0,140.37662897233207,184.17650547518429,Minor
7599.0,240.53613174256154,168.81657577303088,Minor
7629.0,242.03814620860473,168.6467454334174,Minor
7630.0,184.32487901136028,181.95299053540117,Minor
7640.0,110.52327262932778,215.33868731702728,Minor
7659.0,278.01610479890127,188.44785777904377,Minor
7663.0,173.66459029657977,191.59174294737275,Minor
7752.0,292.77058919843273,140.11318660013427,Minor
7843.0,225.32483670825027,142.5037311591466,Minor
7875.0,89.60713544041658,177.06560182181903,Minor
7885.0,129.75611342171396,199.60191208479188,Minor
7981.0,220.05709447318642,171.67937973731426,Minor
7983.0,168.80249286741207,243.81970439411555,Minor
8038.0,186.24847391069085,186.42458853785035,Minor
8069.0,218.66872853217245,176.8370636166485,Minor
8129.0,281.058360304964,150.6111091341125,Minor
8168.0,268.86683047939755,168.56478794427142,Minor
8225.0,327.1661944042046,161.12216659017676,Minor
8252.0,134.92217557251098,196.93985210532793,Minor
8262.0,123.78028180549683,193.85732188606272,Minor
8422.0,188.6738644222865,175.12359005200045,Minor
8634.0,121.68664131227101,204.42810897463835,Minor
8662.0,195.49538505749558,178.26316334623016,Minor
8677.0,231.3725304655794,159.38124965530545,Minor
8711.0,185.51262690032542,197.24421156395613,Minor
8752.0,264.172105027906,160.91168440513263,Minor
8995.0,185.43414959097584,170.5176027062555,Minor
9049.0,119.82995106509635,173.81004277418327,Minor
9082.0,388.024999946224,147.63971912905464,Minor
9112.0,266.2915234142854,153.84473085648386,Minor
9140.0,145.58456413566464,180.55010084467654,Minor
9562.0,148.80995782510183,180.17672626922956,Minor
9563.0,99.4185334078159,142.88920403098155,Minor
9638.0,114.32836628800277,122.20213191496048,Minor
9641.0,293.9761810662279,143.61397005562327,Minor
9785.0,114.14006313053802,169.67018243460183,Minor
10070.0,210.35779318993062,160.39761577353264,Minor
10080.0,93.1873483171299,136.7132320658851,Minor
10459.0,136.0210661864342,161.99075088741358,Minor
11794.0,104.24430774689671,164.12323988207285,Minor
12053.0,83.1924552459618,154.13397920427968,Minor
3240.0,349.23269306712274,96.45399647542128,Major
3269.0,364.1024952864994,70.94762969770348,Major
3339.0,255.8212896974543,117.3958043284254,Major
3394.0,232.70961611126413,93.33298959000831,Major
3493.0,379.20683967828546,92.24528483180713,Major
4015.0,302.08867391500513,77.83227460212113,Major
4031.0,401.85355278334663,103.34724455056737,Major
4204.0,270.99719792290875,132.0601531612658,Major
4364.0,306.08552399181843,119.75124292262466,Major
4483.0,217.44241858649502,391.41095223929364,Major
4542.0,174.70012368566822,145.69811756293004,Major
4663.0,368.20684374747356,100.91323226658994,Major
4707.0,245.05910988142554,62.326994724614096,Major
4715.0,417.41370031172477,63.560934155406684,Major
4741.0,389.026570168691,63.20975315289638,Major
4743.0,291.9622229865569,87.38192703955407,Major
4808.0,245.50613843526577,101.59042950442937,Major
4827.0,256.15650628646927,80.93615048731203,Major
4839.0,322.4119385602138,82.0648241968584,Major
4958.0,398.93988044594556,145.54716450770232,Major
4995.0,184.87183796748872,243.8330957647231,Major
4999.0,316.43225435934755,68.63718386191212,Major
5032.0,260.53210690978455,174.52240304360643,Major
5052.0,257.8045913555681,109.41033068750687,Major
5076.0,307.9234757516968,11.274793367229265,Major
5160.0,240.57986087747307,79.5189573518277,Major
5161.0,298.99114992381334,70.33472000872393,Major
5167.0,188.33130252837364,82.80667709064004,Major
5170.0,286.91772688927557,162.8523381457659,Major
5180.0,139.68766725914162,145.0116859199224,Major
5242.0,144.6821387570628,122.71094898400665,Major
5259.0,124.86792758553577,97.36080277517738,Major
5356.0,181.21290079406896,87.45815506095772,Major
5375.0,267.3067998332602,66.02544574024417,Major
5382.0,308.1538462975525,260.06763267143,Major
5393.0,352.54351693848025,80.9275652475997,Major
5415.0,314.594680331305,61.55809985470337,Major
5417.0,250.66699395793108,71.52847333719811,Major
5440.0,300.3721608373166,82.81521161594668,Major
5481.0,181.52208811546635,66.79404526274186,Major
5546.0,208.33190687720744,33.60955293234821,Major
5602.0,152.7734329847199,93.04671821033341,Major
5764.0,94.52175075891842,261.157304873594,Major
5819.0,204.31777668939995,121.99600186570659,Major
5895.0,198.60159173652264,83.56638974153392,Major
6023.0,260.77586126031565,67.64972328671873,Major
6050.0,161.42729180009871,105.84270571853388,Major
6131.0,166.56611051734316,97.9936506504802,Major
6132.0,293.3388666013154,65.09849592581293,Major
6173.0,149.66256882473348,45.179627991995304,Major
6238.0,273.76619524742443,188.315699801188,Major
6246.0,270.9298317085686,80.02686329995878,Major
6257.0,247.81905798963913,69.66964508800363,Major
6304.0,159.29907986715688,86.67208685170031,Major
6305.0,191.53516176730648,80.61498068686335,Major
6347.0,275.05577805953334,56.94423580848877,Major
6394.0,191.9760908108843,95.2007279556454,Major
6451.0,69.932668621518,72.5998252960911,Major
6504.0,350.63327082562233,110.91607104233871,Major
6519.0,88.37363468352838,69.62287272425048,Major
6540.0,226.71490828956877,69.55871395352125,Major
6563.0,231.5805514111799,112.93361583390622,Major
6565.0,79.76532962664751,66.45504482607066,Major
6607.0,116.7084020959586,101.45647904184092,Major
6624.0,245.35976998656812,70.44455224492167,Major
6785.0,247.33299465849805,68.6688536052021,Major
6826.0,240.59876712406634,584.0557810073283,Major
6852.0,56.154152310673865,29.47194957700156,Major
6990.0,369.3734105521688,30.296335419289388,Major
7019.0,280.89897405157916,65.75593275850844,Major
7023.0,343.41363760928726,146.03890760992746,Major
7028.0,295.7743076643331,57.37283100152695,Major
7039.0,86.79173621023834,221.0255986849047,Major
7040.0,59.653982836727096,26.25670042897989,Major
7049.0,284.7562414254224,164.65951650403053,Major
7071.0,275.5066751244287,73.81227530809551,Major
7080.0,263.7732150405282,73.00433128112071,Major
7103.0,67.89443577026793,36.49193207982105,Major
7155.0,97.29046097002139,12.768974706406805,Major
7159.0,229.14879841930696,111.23794302455042,Major
7233.0,264.34408564712277,90.56322746041963,Major
7293.0,80.97549099760688,33.550101586199624,Major
7356.0,48.18608486030046,55.24299256725983,Major
7376.0,257.34844179801416,1738.2986110403785,Major
7497.0,61.642084429566935,78.6164559138772,Major
7628.0,50.721976920464385,53.054907421588595,Major
7693.0,20.08639224320087,60.48268736946539,Major
7710.0,134.08003506582165,55.853449571669124,Major
7751.0,179.11867586434113,151.89527526277166,Major
7767.0,201.70051862331462,155.3110792174559,Major
7884.0,53.498531646029306,51.06964471732743,Major
7906.0,88.37105855942238,53.999839534088316,Major
7939.0,245.31720268522517,57.63416066394408,Major
7956.0,168.39011291741477,67.37183047648995,Major
7983.0,42.0011846269735,92.81261060166476,Major
7988.0,45.22991460377969,83.7837492831894,Major
8256.0,25.508802891501826,92.44137432728816,Major
8270.0,73.02979151045808,64.2446467390442,Major
8278.0,252.72979348554534,52.24154152378835,Major
8291.0,249.12162166638515,51.04123430439621,Major
8292.0,20.946353163567647,38.30640053780465,Major
8317.0,275.12715625534054,52.15715222209656,Major
8501.0,74.57729825578531,89.29843876580551,Major
8520.0,251.42633370657617,60.28584663598591,Major
8558.0,44.39253380039848,32.86333639219579,Major
8679.0,234.89675652803479,176.70052942170662,Major
8692.0,24.012089042474155,60.21003970553524,Major
8731.0,72.74919992063876,23.694822663918334,Major
8770.0,134.49502476538595,71.01934437338431,Major
8772.0,92.69394638766647,69.42203809573586,Major
8960.0,49.23212076969659,59.80492521695207,Major
8978.0,203.87756725017218,89.33583274149375,Major
9041.0,17.365205271896446,29.336054208661643,Major
9184.0,62.144077922248584,19.03071787957733,Major
9237.0,70.39817195679514,62.74230602894635,Major
9332.0,27.94468808961749,12.886551148996185,Major
9439.0,52.30185505954812,45.37974239558902,Major
9506.0,24.817717485983657,80.42297139388255,Major
9508.0,122.77708086968002,89.05547492217454,Major
9530.0,123.34237998891354,57.56580771810616,Major
9654.0,83.10736108748155,83.32699545346246,Major
9769.0,118.22370821610028,63.90727898808889,Major
9882.0,45.14023445559388,8.529717907318314,Major
10103.0,14.275743795945303,24.38932998277968,Major
10472.0,56.27154908875406,85.12703085354616,Major
10496.0,20.515932160622693,9.00725903907678,Major
11041.0,43.6178761186512,82.47186833682485,Major
11056.0,72.61952037495608,42.057983094387545,Major
11162.0,34.687886108916665,61.76629551145749,Major
11166.0,29.089534350856695,25.672300174844057,Major
11173.0,35.27336398665479,55.6160834213361,Major
11254.0,35.34405960359159,33.05827534742065,Major
11467.0,40.93659511134288,35.814063484744175,Major
11475.0,64.9872924092097,17.524359396983836,Major
11577.0,38.47766120377758,32.78260665294769,Major
11589.0,44.842601361305476,19.951807337785706,Major
11737.0,35.24767212217187,80.69537703619805,Major
11989.0,14.797444153420189,40.26910732262022,Major
12217.0,21.09674799402136,32.62224393136997,Major
12385.0,19.765102260038983,42.88716627292554,Major
12458.0,10.369894481731654,23.380214366978308,Major
12562.0,35.272784937615754,47.498640170448354,Major
12588.0,19.515913091810404,23.856290085802073,Major
12685.0,32.36507928586664,69.54961273819634,Major
12741.0,15.158539518859158,55.84643984648277,Major
14701.0,20.817773887331317,50.22475536885988,Major
14824.0,39.121605247547386,20.294052831783628,Major
15048.0,11.139604517682915,77.98195360508318,Major
2956.0,443.42565418764696,212.22057165812635,Minor
3767.0,685.8618466305616,309.1964225026072,Minor
4100.0,542.796780303526,211.81074628040562,Minor
4121.0,291.0603134244426,224.61081946026283,Minor
4176.0,334.23705510636483,193.6077710727722,Minor
4178.0,314.4830689383472,175.85218999082193,Minor
4192.0,553.8571639981733,118.086547364327,Minor
4215.0,407.88861225318243,220.95612077458145,Minor
4262.0,430.056355144979,436.8369082770415,Minor
4287.0,357.1150929858784,162.4889601954393,Minor
4550.0,268.644019154256,220.92893438426398,Minor
4649.0,376.88245777041186,223.30367554420837,Minor
4660.0,310.04126938187454,486.7600632542885,Minor
4719.0,219.20891764325904,181.2795397391432,Minor
4788.0,508.0724019524241,176.30648210058473,Minor
4960.0,293.7395040222339,217.73993752740694,Minor
4973.0,137.35693960122816,288.24452886921415,Minor
5021.0,398.83414760884375,168.38880002166633,Minor
5051.0,329.5586278486583,189.57582180888295,Minor
5142.0,243.07287178198445,216.79172480123788,Minor
5282.0,288.2127314063848,187.60018530785345,Minor
5314.0,243.19128776069564,191.69432926319547,Minor
5324.0,295.53543034020515,185.66762633582147,Minor
5343.0,311.4827889484325,164.87742406424695,Minor
5362.0,380.7443357340495,263.4444649385631,Minor
5390.0,237.8187815947404,190.1295067943746,Minor
5437.0,306.1482533963263,190.28915559214835,Minor
5604.0,380.73016817661284,152.20546322422345,Minor
5627.0,309.72072249661204,176.95864191334795,Minor
5638.0,220.854275067936,190.2934158010902,Minor
5684.0,231.79644513983501,168.23985263822613,Minor
5693.0,130.06314335358854,287.1137647201712,Minor
5698.0,204.61377579302743,406.1234627849892,Minor
5724.0,169.3903777795473,201.77404526108234,Minor
5780.0,386.3651240669617,236.23288308464527,Minor
5852.0,386.34788464612205,161.9628077895716,Minor
5878.0,159.06762399732946,275.3067025920583,Minor
5900.0,288.9324391212639,238.23742840415446,Minor
5969.0,228.77505174029824,254.6423785333783,Minor
6001.0,266.4950084280197,147.92267755261497,Minor
6044.0,308.957099256044,178.6382293202813,Minor
6049.0,220.31234492108584,205.54724240509557,Minor
6065.0,242.7612379650215,235.98437885856507,Minor
6074.0,205.38389458196716,536.4040013063201,Minor
6084.0,354.89092774083383,215.4768077741074,Minor
6124.0,351.38227459520976,232.01740229395693,Minor
6136.0,259.4238417154521,269.47438722669943,Minor
6156.0,142.73911216614817,371.9274759556169,Minor
6210.0,318.39117065669416,205.5446855811653,Minor
6236.0,268.7519586714641,170.64067157288096,Minor
6263.0,314.10018210405656,350.3713479116386,Minor
6298.0,326.17609837697586,153.99629355711352,Minor
6302.0,311.77649530161597,173.79180189469452,Minor
6309.0,345.322492064784,174.06799714509972,Minor
6386.0,262.86741803919244,180.23675261566365,Minor
6420.0,147.13081196001593,151.06769289818988,Minor
6457.0,264.5331967448435,944.5416739350015,Minor
6458.0,170.49127108097838,190.0487311059979,Minor
6468.0,339.08840437067823,169.97333930576968,Minor
6516.0,164.3098151655107,200.45824915048777,Minor
6529.0,328.59718745947237,252.42067988134713,Minor
6531.0,316.63264403089005,169.21967942207402,Minor
6551.0,275.43546902866785,167.97631435545617,Minor
6738.0,243.30542287191201,202.76631341993829,Minor
6748.0,112.53873615258944,206.62349953718473,Minor
6753.0,307.88959020579483,179.95651435056283,Minor
6838.0,241.5043026917931,175.63006258404585,Minor
6861.0,391.96547609243663,804.6070260354244,Minor
6869.0,162.0873470833762,217.28504556460933,Minor
6870.0,291.81837317838364,176.2801746490274,Minor
6909.0,112.94886178534884,182.1120326989967,Minor
6916.0,209.61890645972107,162.76244907256944,Minor
6922.0,298.0228194804086,192.7222365301476,Minor
6928.0,124.28477063579608,205.2798623889389,Minor
6955.0,129.22880505162993,191.53188519539464,Minor
7027.0,224.48330066155992,183.42618269285433,Minor
7064.0,132.68186898792925,142.13558855318692,Minor
7086.0,242.05114913432405,174.5606053732447,Minor
7088.0,118.79861304995123,165.93537233488001,Minor
7090.0,304.21013863898486,173.77587052214594,Minor
7093.0,182.65682167925357,385.62591096743495,Minor
7133.0,101.59045998520654,197.98994905099033,Minor
7138.0,365.2591711579911,162.3964798609639,Minor
7142.0,84.71404737149794,165.03201946292324,Minor
7182.0,349.97611362448924,187.21230687259566,Minor
7206.0,148.31542363755986,198.59358714408563,Minor
7227.0,132.0968702893814,179.77789178013023,Minor
7244.0,254.54149971657438,167.67259617714723,Minor
7291.0,256.2084216395409,168.30711856229394,Minor
7336.0,262.8528613439661,156.65030592098458,Minor
7353.0,157.75559752674548,247.3164546186057,Minor
7406.0,233.14394758925508,165.77587514121464,Minor
7448.0,204.22490674713376,170.23498084853765,Minor
7478.0,125.31175509403033,188.29503190436077,Minor
7492.0,114.41941427346946,199.9904757186448,Minor
7509.0,181.61369454197302,113.89985939317168,Minor
7522.0,313.6063646628564,174.23919155019615,Minor
7564.0,351.59285705123494,149.14888482098647,Minor
7579.0,243.58312118774614,168.0752877765757,Minor
7583.0,234.70656885709462,170.7063476272666,Minor
7603.0,321.7007879243165,161.62939033012327,Minor
7624.0,275.4614226218242,188.09559722711248,Minor
7645.0,158.74210406782385,195.28496847350385,Minor
7736.0,289.29368509677624,140.74705658476822,Minor
7761.0,116.54733970216381,171.51233500545206,Minor
7816.0,225.49308318293075,142.67685732908032,Minor
7888.0,97.93603430653982,167.8397465553458,Minor
7900.0,212.72602019444648,174.22267602189146,Minor
7968.0,179.8363512551345,183.74560365903307,Minor
7985.0,154.67507217730434,247.43467492665945,Minor
7990.0,279.1892074502999,151.21602078133074,Minor
8000.0,178.24729291553987,188.3533332326095,Minor
8034.0,208.00923768039343,177.98172697008948,Minor
8060.0,340.2858056426594,163.6392434847181,Minor
8066.0,209.7283479039774,175.99628076934448,Minor
8148.0,259.9221784965403,169.92329796084732,Minor
8196.0,118.98784043430257,205.49292053440473,Minor
8199.0,108.607854950662,194.92900776166613,Minor
8213.0,170.9071339984149,186.57966919364463,Minor
8438.0,250.9429031085101,161.74620855754813,Minor
8440.0,177.69140389339387,178.93209542948568,Minor
8660.0,174.6219297593209,200.28663431088296,Minor
8682.0,185.45146059352854,179.4561764115591,Minor
8700.0,224.94731591927263,161.87811360763934,Minor
8759.0,257.7561719738422,161.6245470045538,Minor
8988.0,174.59621022981855,175.74725184223934,Minor
9079.0,386.0585963479437,148.60718836901475,Minor
9135.0,131.75837710337117,184.9401850142125,Minor
9147.0,262.06502233550043,155.68665885735103,Minor
9546.0,141.96317284738768,180.35695690593826,Minor
9558.0,113.7416633777178,125.64527026383249,Minor
9593.0,106.61173518416584,132.7471336056251,Minor
9658.0,285.8102633953157,244.27344462962273,Minor
9693.0,288.4652404611584,144.82317262803116,Minor
9699.0,98.69466950324001,118.81664534440202,Minor
9768.0,100.00653934037595,175.60107893257947,Minor
9954.0,202.40201504611585,163.88806674385074,Minor
10365.0,136.46091279461103,160.29188929350852,Minor
11982.0,100.9394621901777,166.04027696067254,Minor
12192.0,82.10807238738983,151.87063040073946,Minor
12959.0,95.79059262882961,164.25269006068902,Minor
2929.0,404.3274679502461,104.27354255554431,Major
2954.0,362.4819569663813,165.1393110409338,Major
3289.0,366.5417204135249,72.07740809452817,Major
3290.0,370.8510874786317,94.36001252952417,Major
3343.0,254.21319754730672,116.91379800519498,Major
3430.0,245.51464032198086,54.38098762338128,Major
3740.0,360.82175935692004,96.05268597882663,Major
3742.0,506.8644515543734,253.0069379871369,Major
3975.0,277.7813428251854,96.48040365864357,Major
4091.0,223.2781047468297,179.2502070532113,Major
4100.0,401.60773278389416,148.59903706168163,Major
4130.0,371.9387945243987,319.49126639820815,Major
4170.0,252.53742135593419,134.9346859550604,Major
4171.0,365.8274395898138,35.529177146024175,Major
4360.0,299.97769965432474,119.78051105675999,Major
4391.0,261.41807282824254,85.42157314631136,Major
4519.0,149.71949168698592,153.84046487152008,Major
4691.0,279.6543960394163,89.37132762869129,Major
4702.0,239.63557796115666,65.36454835339289,Major
4703.0,318.75986282573564,81.41337980184254,Major
4706.0,386.4341362139584,63.36163144334155,Major
4731.0,219.72477750540932,103.28410991428368,Major
4788.0,241.62490957085814,84.3997408481556,Major
4922.0,424.7314119069542,138.18514991712414,Major
4982.0,258.51535269763616,170.72917777852098,Major
5016.0,490.09713849826875,344.7673378637343,Major
5041.0,247.87086820353957,109.07612608515306,Major
5112.0,132.09249161918984,125.47351877221939,Major
5115.0,289.4748769404418,72.01070415032456,Major
5122.0,315.7347073580847,152.7360737561956,Major
5130.0,231.79620071044272,81.59741445373669,Major
5142.0,310.75903407445594,10.25416288959332,Major
5158.0,132.44964727078738,142.15778884781798,Major
5159.0,205.50306197853507,79.57974334344054,Major
5295.0,238.18367855340023,72.30486940258724,Major
5296.0,247.61682082508858,72.76175991282942,Major
5340.0,352.3077190326212,81.17711618952411,Major
5348.0,299.8402367903187,257.27847128175074,Major
5352.0,258.44134963869914,69.17159312775118,Major
5409.0,291.6009332116963,88.21826301183404,Major
5448.0,359.5053583287089,145.32378785783618,Major
5485.0,213.75303998938475,27.607022943809056,Major
5530.0,282.13493234135206,79.8281557217836,Major
5551.0,274.11102028258614,184.78438003169057,Major
5595.0,214.56607908599753,99.83160800534309,Major
5598.0,150.82091890920933,100.43573594265531,Major
5653.0,383.0448038724994,70.08313371820846,Major
5698.0,435.51846696203216,653.5970330505518,Major
5746.0,172.18867691439007,69.28926567660153,Major
5791.0,195.03719271977488,121.95960716893971,Major
5835.0,266.66534441212724,94.63800502129389,Major
5886.0,191.66701291431767,84.28129014511745,Major
5893.0,287.7557942673856,64.64632236565204,Major
5894.0,178.4055636098058,83.34496797000736,Major
5917.0,396.38415478026053,42.27080594968545,Major
6087.0,290.61580547917447,65.90032313015837,Major
6091.0,154.27554320042879,100.33994738968501,Major
6153.0,143.84962254746816,49.109097640739485,Major
6223.0,262.11480198700053,187.99491319780213,Major
6243.0,297.825665752116,76.64203546152157,Major
6275.0,235.41869392324708,74.36073881338102,Major
6313.0,266.15381640513544,58.34654956766106,Major
6367.0,330.4930546933874,53.90362886311846,Major
6417.0,67.22734752005942,66.76531056258756,Major
6435.0,179.54387962589823,96.7455665412584,Major
6442.0,338.01274278101533,111.52408038027001,Major
6470.0,231.79864005916326,112.40109689579604,Major
6506.0,216.3444419725968,73.01949872471494,Major
6534.0,86.51960051122441,59.67777726042994,Major
6553.0,98.42741188216478,98.47522077197897,Major
6593.0,243.7633832217992,70.8166408069849,Major
6647.0,308.0219623937683,68.47658293109437,Major
6726.0,252.19563541506835,72.31032387601834,Major
6817.0,245.16678669338282,69.20462611027963,Major
6833.0,333.5658959133613,146.64366191885463,Major
6939.0,261.12734494231546,75.35935307402104,Major
6971.0,257.9146882583771,165.92440241532475,Major
7005.0,71.41873876099066,31.718917361656164,Major
7012.0,273.5609384233036,66.66415176424314,Major
7110.0,308.2367229103539,51.97318298743296,Major
7118.0,227.53187351585183,110.50192832629696,Major
7120.0,92.2382431830826,22.649086552573976,Major
7226.0,115.62566471999753,20.30758779211461,Major
7230.0,262.8179668437934,90.30540205744443,Major
7285.0,39.284571852054505,48.435195685199176,Major
7292.0,74.18827504211035,40.97455371271345,Major
7397.0,204.09136808113553,71.82659339527116,Major
7411.0,39.1956914813445,75.20280510202593,Major
7436.0,45.19791282062721,65.45995460905033,Major
7514.0,224.21941994329455,81.61488093064523,Major
7569.0,289.407495479554,58.38979971509383,Major
7571.0,35.44398794566467,61.961885913805546,Major
7590.0,57.437087073761546,77.11840778965423,Major
7595.0,285.15222745693416,65.14715371553402,Major
7706.0,131.8618528185579,53.18039998028311,Major
7711.0,173.75905248862566,159.2427571608841,Major
7812.0,135.4353561184001,120.55230972873564,Major
7825.0,44.14336489799856,79.69579022327092,Major
7851.0,83.58665452761053,57.18670689983507,Major
7910.0,260.5160136203508,62.84285366023252,Major
7935.0,235.5836545409676,59.640257667554,Major
8098.0,269.10941368999585,52.328077906096716,Major
8209.0,245.35214967910338,53.78321004060213,Major
8243.0,25.37754988774319,94.3081074199799,Major
8279.0,77.2631448323076,58.0690209032651,Major
8438.0,253.4849039416499,59.35595270780932,Major
8459.0,64.54961412935197,79.86085664441644,Major
8462.0,288.31093117040615,57.20059541333762,Major
8606.0,64.76674479717077,27.39193974386782,Major
8646.0,234.64875084797404,174.29005128869548,Major
8684.0,67.72573474628365,76.19540565294155,Major
8813.0,193.55670995791405,91.25809467514766,Major
8902.0,105.78940159244758,66.71835451777334,Major
9068.0,56.76330103363732,25.776850040432862,Major
9187.0,58.92277380910167,62.89083212843185,Major
9269.0,266.7820432848952,54.58424888536892,Major
9430.0,23.01618758775154,41.01029320867266,Major
9474.0,110.10493066361678,93.14206861736174,Major
9497.0,122.3614646118076,57.44924397296446,Major
9659.0,43.03920931146227,18.62930843681057,Major
9661.0,87.18832223027175,76.82697466331581,Major
9793.0,122.74940603255577,66.49869869325185,Major
10056.0,18.19959807901461,30.50837751607168,Major
10286.0,47.60092877509407,95.7519583999847,Major
10959.0,76.64531733908694,34.66918195500321,Major
11030.0,37.042621019080684,43.92098526461027,Major
11033.0,21.67530827164972,33.40966633067452,Major
11062.0,52.463639006404755,36.32996613493618,Major
11273.0,23.843989025076116,95.76031596945313,Major
11350.0,30.33336096367426,42.969488227253194,Major
11412.0,47.510897593788364,3.20334723825988,Major
11708.0,33.94838454236027,75.67753815216012,Major
12041.0,52.06735752957321,35.28625983608072,Major
12165.0,21.52089924982967,26.79059656524375,Major
12576.0,24.527944725113823,52.469610256657205,Major
12627.0,45.657575348539766,50.86145277803851,Major
13534.0,31.140306261032485,40.217506613621296,Major
13701.0,22.056101851667822,36.70809129367247,Major
13806.0,15.709584105561403,65.29094492616788,Major
14112.0,15.529299115222628,46.03503718808934,Major
14525.0,43.54922638030864,14.517303735935018,Major
4074.0,336.92536711400743,496.6043827664672,Minor
4093.0,528.3345478030286,214.40160903287074,Minor
4199.0,338.00851221170984,192.42625502921257,Minor
4212.0,412.0153457795221,219.3928697610705,Minor
4308.0,286.6236713305599,214.76783321172576,Minor
4337.0,354.4573066012896,162.4502364787552,Minor
4356.0,558.7620006193565,117.86893927629406,Minor
4624.0,254.44341226864992,489.7212180650939,Minor
4704.0,515.0992880486986,163.73050515576267,Minor
4758.0,500.4104427708007,180.1825882949583,Minor
4797.0,217.4321242668062,181.23402403094298,Minor
4819.0,404.4775347059609,207.69931778851694,Minor
4905.0,273.0183201505412,222.00919540216483,Minor
4931.0,133.15481665934539,284.29149937325985,Minor
4988.0,373.49429726343624,165.77708542209064,Minor
5064.0,341.25755635535864,183.94860444330308,Minor
5235.0,280.2293151515313,189.20736247351846,Minor
5264.0,277.7018273570833,188.79647771100235,Minor
5297.0,244.76184471566935,187.64985396480378,Minor
5327.0,378.1542626487911,140.72740559144108,Minor
5337.0,298.5961707607777,166.33360128554642,Minor
5354.0,309.20333352569304,187.23187736474716,Minor
5358.0,355.0121978450347,163.44659333785535,Minor
5433.0,212.11220947701807,191.04159323131125,Minor
5541.0,220.99384235858435,393.96356825107307,Minor
5545.0,137.26135407072985,284.50188994692166,Minor
5589.0,377.4876066955848,151.61374868785774,Minor
5611.0,291.3598134239809,225.22218997998812,Minor
5664.0,107.92773686606316,295.6945912463649,Minor
5666.0,378.6124355232209,163.51396818831557,Minor
5781.0,225.59867769468028,252.58308510021152,Minor
5891.0,215.67723066337825,175.33792499761773,Minor
5943.0,237.52385560397812,236.33046008851463,Minor
5960.0,297.12728317106837,235.37834748831523,Minor
5969.0,197.5211481991254,210.41761006992638,Minor
5975.0,259.3112956720037,147.24404729460827,Minor
5983.0,338.1079173040609,216.74094022532898,Minor
6038.0,361.21910349874577,152.13236911331677,Minor
6041.0,292.20372908458114,513.5279315221134,Minor
6050.0,313.1880337307558,176.49558301464066,Minor
6086.0,367.93486211365587,227.36254209697324,Minor
6152.0,219.09619641636377,941.8994360789387,Minor
6169.0,196.02884071993586,156.81986088582207,Minor
6188.0,96.40667312859033,396.1811457596911,Minor
6206.0,310.8915437775267,348.76976588675336,Minor
6210.0,259.4015983070516,171.97211780542807,Minor
6222.0,192.33022586114956,183.0011130990386,Minor
6254.0,338.8397033869843,175.111625466472,Minor
6256.0,340.6014185253135,179.51035312214088,Minor
6295.0,299.7699434817787,176.10821685152928,Minor
6337.0,256.02921542223066,182.0501324682541,Minor
6344.0,285.8043843327894,215.62546747014608,Minor
6377.0,329.22640766122373,171.9557785760791,Minor
6381.0,140.2317495850395,154.6764051406877,Minor
6399.0,338.74223490329854,149.03400427027861,Minor
6450.0,147.63173909148475,191.400924717444,Minor
6458.0,264.31974587785317,170.49269546854111,Minor
6473.0,144.82673006322668,207.8171718161787,Minor
6508.0,351.32247163759433,337.38722787751965,Minor
6541.0,328.82959315193625,247.96481939033333,Minor
6669.0,291.5924581280658,165.172453985599,Minor
6706.0,295.73213899921274,182.4864281013556,Minor
6746.0,239.44155127504004,202.75325203311547,Minor
6794.0,230.68002855396668,178.56824914533246,Minor
6818.0,164.07938393969877,215.31412922153186,Minor
6841.0,368.0925040599642,142.2548255554189,Minor
6857.0,279.21537944001363,179.22545883931602,Minor
6870.0,124.43259502149567,173.75055997718385,Minor
6882.0,290.5477778456595,195.61906021407935,Minor
6894.0,122.66913039309588,202.9196374511078,Minor
6902.0,417.0531995570524,130.76207429190717,Minor
6943.0,263.3203838627353,210.24286383193,Minor
6951.0,210.98474018891977,160.5837144364091,Minor
7035.0,210.4812628056737,185.23063693490383,Minor
7040.0,131.185553412635,140.95259328494168,Minor
7061.0,293.24391091574046,176.61475613954303,Minor
7096.0,154.94587138719328,312.16891167557804,Minor
7103.0,356.1734073842586,164.8302198354885,Minor
7124.0,330.65613030011696,186.69032625981174,Minor
7145.0,236.22884780464477,375.13310670999937,Minor
7147.0,118.62681220226527,166.735603622585,Minor
7163.0,244.0698674936614,168.75829059379208,Minor
7171.0,244.12136477655494,171.96184164421425,Minor
7190.0,372.96382212773534,162.78382491118293,Minor
7206.0,84.4630876348993,212.60650562412263,Minor
7208.0,127.68146803484011,203.28389274798522,Minor
7218.0,220.72961291202148,171.80909104774082,Minor
7223.0,126.97180885717776,182.478879282343,Minor
7290.0,254.79837026984194,158.8628940795181,Minor
7435.0,203.5927205585161,170.46499114611635,Minor
7444.0,305.2437790991189,174.6029416379175,Minor
7480.0,271.79389328647744,187.53513304910427,Minor
7487.0,245.54967732754452,166.38772421955662,Minor
7522.0,312.5060322427439,162.77802387076545,Minor
7542.0,133.6281368230065,196.13150393999976,Minor
7544.0,220.22695433381918,173.6891292370048,Minor
7557.0,306.6844187100987,182.27075694431502,Minor
7597.0,183.5731697712084,107.7528862920739,Minor
7606.0,251.52647643043508,245.11184316238484,Minor
7607.0,299.2362251518901,268.55916185815414,Minor
7641.0,88.24257632870669,139.5382693536352,Minor
7689.0,86.57543450267141,207.80375426738016,Minor
7720.0,284.13183572352875,142.1204574846542,Minor
7725.0,200.17861595207958,177.98278628314847,Minor
7790.0,224.06179952225392,144.28769762444117,Minor
7791.0,332.84065783305965,165.1088297971586,Minor
7815.0,311.57460280479506,158.02374735426574,Minor
7872.0,112.47769398044207,148.65493979831243,Minor
7912.0,73.72767406471486,198.04455392101193,Minor
7933.0,205.5549690492669,169.0924333323199,Minor
7941.0,175.55812744164905,181.06812477926334,Minor
7942.0,165.6253179324136,192.813402993193,Minor
7944.0,133.607868419415,253.64970888977658,Minor
7945.0,206.08293994722763,177.97698565311833,Minor
7972.0,192.91018965448853,182.67386750216292,Minor
8002.0,119.50553900466319,120.15967605074958,Minor
8106.0,244.7783805551472,172.66902954632826,Minor
8129.0,84.5067291905228,204.9499008631904,Minor
8185.0,89.70118169505903,217.13800214009177,Minor
8194.0,275.9383399082508,152.6380281357773,Minor
8299.0,294.455859048972,152.05868990316034,Minor
8353.0,161.39317844576328,183.89605046809913,Minor
8376.0,238.9433228935748,163.29783245371652,Minor
8390.0,389.53492580943043,150.316672425372,Minor
8536.0,247.25906566350832,161.11121302464107,Minor
8590.0,152.4409445450874,205.01881739814596,Minor
8620.0,170.90594820435618,184.0601011591537,Minor
8632.0,212.81881356852375,165.22302546157198,Minor
8792.0,258.1349057142713,163.35668679012127,Minor
8889.0,111.48310184072339,172.45625526718595,Minor
8967.0,109.38142163161083,188.7348128254062,Minor
8992.0,382.25603226108456,149.25117112680005,Minor
9026.0,83.39138264242946,124.6359913035226,Minor
9060.0,253.33619630146958,156.74317295184608,Minor
9438.0,110.8203158231984,122.44902673960382,Minor
9502.0,105.21329785244502,133.65209479186262,Minor
9515.0,100.1302192580075,104.3454496712182,Minor
9523.0,130.94827711799556,181.4175708375768,Minor
9601.0,282.17776064921486,146.10739565323786,Minor
9639.0,73.50424358925409,194.22012252230377,Minor
9729.0,83.45896496430933,208.5437422477118,Minor
10023.0,188.42083356141592,165.50867942302244,Minor
10257.0,140.47608695784686,157.99062893394023,Minor
11362.0,110.18985494609436,122.95328751542569,Minor
11657.0,125.21050971975659,167.44478865349458,Minor
11939.0,94.67924679817,168.37120977843813,Minor
12193.0,75.9289534317611,151.67503901240175,Minor
2938.0,412.25460852648945,105.62372731492133,Major
3009.0,385.7422942907571,155.78288601860274,Major
3265.0,365.0937269494687,96.36248025852673,Major
3286.0,367.848150368476,72.39591455901153,Major
3305.0,368.2408710129359,95.67970307146828,Major
3359.0,255.41007666733873,116.48322453698482,Major
3421.0,241.49231749091945,57.020440710197434,Major
4010.0,271.04601105991907,97.39312763820283,Major
4042.0,444.37539233206365,107.56177146435215,Major
4066.0,390.97648574352945,147.39662068099852,Major
4091.0,355.5563436046454,317.70329611312224,Major
4123.0,239.129838530279,137.73180792459868,Major
4135.0,466.50776033516746,78.48240241754547,Major
4276.0,316.75109968935305,79.22343799851089,Major
4376.0,260.7215864707795,85.9214301870333,Major
4440.0,132.3491402514448,159.61744104255456,Major
4603.0,405.5002908045048,309.12348706344,Major
4672.0,413.0938979943385,63.54403507789852,Major
4702.0,218.4040428455509,104.87967656380016,Major
4717.0,235.92070312833428,58.08612818411369,Major
4863.0,113.5154741146638,84.87142366269578,Major
4864.0,260.0644845879243,168.08585823907327,Major
4891.0,209.33525227000814,162.85703159419467,Major
5038.0,242.827922326358,108.54684385798332,Major
5094.0,281.99016926094924,73.44048898215641,Major
5098.0,225.57405991426282,83.27430560926209,Major
5149.0,216.16959506561352,69.72126657003906,Major
5150.0,106.9159739310325,178.99346329397764,Major
5176.0,129.6020352467018,143.73035544269433,Major
5222.0,334.2361359514295,145.60890449310676,Major
5241.0,441.14743173996965,135.0942046819385,Major
5251.0,229.97014719565442,73.21071802563657,Major
5294.0,349.09602753551053,81.29930992252424,Major
5308.0,251.19788144826737,71.40912158642219,Major
5319.0,299.30573030545565,254.64900157233967,Major
5362.0,312.2118267757996,10.793003861902795,Major
5441.0,287.0495786559077,83.37986102131737,Major
5444.0,298.64427877213024,88.1897889867696,Major
5471.0,255.4041730283799,185.48604483711347,Major
5478.0,242.59859388342727,907.0767936572263,Major
5479.0,216.99331921341116,24.06983967560241,Major
5571.0,206.0719622101604,97.47128935523126,Major
5672.0,380.53863733964425,70.43261115715406,Major
5701.0,327.3711727467856,109.35675042948534,Major
5746.0,188.92322559110536,121.6674248065676,Major
5779.0,351.85603785967504,50.933710173621535,Major
5798.0,187.44150759656978,84.58765411558282,Major
5851.0,164.15656624299916,71.58654919405832,Major
5888.0,282.32124637601856,65.34353977635479,Major
5897.0,395.05361484143265,43.1569050571332,Major
6036.0,315.561856351051,163.457292615333,Major
6052.0,135.62829032263454,109.04306856052746,Major
6082.0,145.8428259882877,102.30941799114663,Major
6113.0,287.41638742693027,66.56758919485189,Major
6118.0,255.8121967872204,187.07009747863967,Major
6130.0,141.17693657558755,47.76893047414992,Major
6184.0,301.84025671121566,74.6478395045481,Major
6269.0,261.2498599040401,59.74587105865269,Major
6289.0,330.0448241822483,112.33278565934013,Major
6402.0,171.13624187114794,97.45054419214743,Major
6439.0,232.34801705494823,111.21823246691423,Major
6483.0,92.71745743372934,49.85028107668119,Major
6515.0,86.90854754765586,96.70621449626191,Major
6521.0,207.99192148416205,74.59059910376982,Major
6724.0,243.8848563858993,67.36705844451242,Major
6745.0,308.0194915411017,69.61011822860115,Major
6775.0,324.97904562801375,146.6297306836376,Major
6915.0,240.84415063333253,167.7212790918688,Major
6916.0,251.5348337506072,76.7726391041144,Major
6937.0,71.73343675349098,31.212080843630986,Major
7020.0,269.4687668665667,67.35235922834327,Major
7021.0,87.393991193288,30.506359555002224,Major
7105.0,316.51397916096,48.81536210588094,Major
7139.0,227.15958399285884,109.33854887132094,Major
7233.0,263.62148180793986,89.99004745478784,Major
7266.0,33.83000628197031,69.98747747311032,Major
7363.0,196.02780718380478,74.69727807316876,Major
7367.0,67.00722871575199,48.87228370263005,Major
7426.0,224.13992858868025,80.2583377060149,Major
7440.0,48.734561087034045,61.99703739190895,Major
7486.0,23.52792675204717,70.81592207638012,Major
7593.0,201.57002190854027,257.03803833390225,Major
7621.0,286.88792525826375,59.45431933513012,Major
7690.0,130.24947069674676,51.81578072239894,Major
7697.0,154.04855089667285,162.5893773340365,Major
7704.0,55.03249480906974,76.68832872647573,Major
7732.0,147.19125149140643,114.60684857772902,Major
7809.0,47.980724369946174,76.4605780752669,Major
7854.0,257.3687251862702,61.549841638923866,Major
7880.0,211.3742662584513,116.06405458044998,Major
7883.0,78.71536379617248,59.161846143757415,Major
7941.0,269.08603583335696,94.27224636242676,Major
7950.0,228.62952207993817,60.84115812618381,Major
8086.0,82.54632030435036,36.45061322027982,Major
8104.0,173.91120401743203,76.21466198607342,Major
8175.0,264.34997377364874,53.16081801994584,Major
8220.0,29.608519889675556,73.29983047636318,Major
8252.0,77.73826713339996,52.312158638639396,Major
8423.0,254.11135216015015,59.26315669362054,Major
8424.0,284.41969882358603,58.15790399046885,Major
8442.0,59.863794210487626,79.72469161922197,Major
8557.0,60.00271257382668,31.989123318428216,Major
8684.0,253.0566546338736,49.472586098479525,Major
8686.0,274.4721864416342,70.37764069667884,Major
8687.0,48.867990282661886,86.62615357418807,Major
8707.0,187.57779271776536,92.50601012404739,Major
8739.0,237.13201108368585,172.95115322929416,Major
8805.0,283.56296329402494,66.02072081162046,Major
8826.0,69.84058457132303,45.91955377755466,Major
8853.0,91.58821616402555,70.69540114037672,Major
9102.0,50.10128307782022,31.591152248991506,Major
9109.0,50.282917856406264,63.10455208093356,Major
9455.0,13.861713144363396,65.18066048070513,Major
9476.0,42.33002532922049,38.06606083848771,Major
9552.0,93.31793079550494,71.95645207526721,Major
9578.0,171.94921552900067,159.04018313036875,Major
9596.0,37.92299068684167,22.456064009285598,Major
9610.0,120.59174367599338,57.1335843899717,Major
9802.0,125.89180661984977,67.17739573537837,Major
9867.0,70.3319830524859,34.936181152318596,Major
10064.0,12.525684853979243,42.02078375832138,Major
10195.0,168.09644858925282,50.08467959932376,Major
10298.0,44.821714918811814,80.17385166599911,Major
10317.0,103.79558436427308,74.69612521317826,Major
10924.0,80.09594275201788,31.01616041319811,Major
10925.0,49.33087202562806,58.60179930562454,Major
10951.0,60.141612231084856,21.43218127414693,Major
11002.0,11.432920615246223,51.864206988936374,Major
11313.0,25.223540245057414,44.18972088195399,Major
11318.0,44.23398667135215,59.77915251822075,Major
11321.0,44.763055403877964,17.062926426932883,Major
11460.0,99.74256796315072,56.07204661033846,Major
11643.0,36.924675902910366,72.49099463962598,Major
11819.0,83.12868786790591,72.7360690965794,Major
11888.0,48.443393674438504,38.511152175642245,Major
11912.0,50.55961288433441,72.2653097422093,Major
12636.0,18.02705169348867,61.290433294780826,Major
12801.0,20.358257584594774,64.15462641019057,Major
13551.0,11.01131105436282,50.160092307934136,Major
14335.0,44.33966569200973,15.101734792966905,Major
15245.0,30.648961039410796,30.339945708836787,Major
15255.0,23.258487020824646,57.88257172314452,Major
4165.0,414.76869475398684,218.81926904114226,Minor
4321.0,353.38760649644297,162.81365899462617,Minor
4327.0,226.33784784491067,490.6381459402657,Minor
4335.0,346.69219901629003,220.01925205390313,Minor
4339.0,323.4949747367656,834.7155222151266,Minor
4397.0,561.7892390575828,118.146886203046,Minor
4479.0,469.28853611635134,197.19664866834557,Minor
4483.0,298.10253560672436,210.9989210486874,Minor
4670.0,343.67811140866013,198.0732252070947,Minor
4707.0,513.1333417319687,166.0902173066453,Minor
4725.0,214.72597128201681,180.17275043061966,Minor
4751.0,223.12435585065913,492.25011726834146,Minor
4754.0,492.6619568611403,182.08475064188582,Minor
4816.0,258.8647140220318,224.98624766354243,Minor
5031.0,377.3502968459883,165.03592544580243,Minor
5063.0,174.16120930351664,219.9004737753267,Minor
5104.0,348.4128719416667,181.029589020115,Minor
5205.0,275.151500908122,189.23798170422867,Minor
5224.0,268.45974899966467,190.84652519528305,Minor
5267.0,247.61992028426906,185.77064114231973,Minor
5321.0,290.8900639437577,167.15375551016342,Minor
5366.0,380.2135490644613,140.74919145152796,Minor
5367.0,329.61542829088614,244.99046948800222,Minor
5375.0,311.23257523419784,185.3716111283972,Minor
5380.0,348.0131095457718,164.60967490563326,Minor
5395.0,240.66911050669032,389.18466270489256,Minor
5422.0,206.01150580824398,193.39336211842942,Minor
5464.0,327.54899322122554,180.44212010997552,Minor
5506.0,124.59343286022435,290.0614232336833,Minor
5511.0,235.27558150848594,236.04144745388618,Minor
5570.0,280.2984467276706,226.5375274688098,Minor
5576.0,375.3798291383264,151.59487134094576,Minor
5673.0,248.66443267273598,160.1960943073016,Minor
5762.0,100.14007683857696,296.25186431014527,Minor
5815.0,226.63327934005602,250.55153872717176,Minor
5852.0,219.29503654273307,184.3071255772594,Minor
5912.0,297.53153689466836,172.18692424262736,Minor
5939.0,254.45962639558857,148.28608644049643,Minor
5940.0,327.5389814722885,217.5625594110694,Minor
5968.0,304.48694970770623,233.7040058172299,Minor
6025.0,311.8114946722812,210.66840749666304,Minor
6041.0,358.9914021185803,153.4724646427179,Minor
6058.0,206.7759343590476,152.71466947921783,Minor
6094.0,343.43189390922737,231.93880500799136,Minor
6112.0,380.1427216145835,224.39074193878253,Minor
6136.0,332.99838345972853,181.43265929799838,Minor
6181.0,314.8915252574911,347.2920067292507,Minor
6204.0,277.4996979115865,176.6534838294222,Minor
6209.0,269.98265649537575,929.560270396111,Minor
6214.0,335.1330483074486,175.79746131409155,Minor
6217.0,251.45439813172243,175.81800019496495,Minor
6242.0,166.85234422707583,179.14238705496018,Minor
6259.0,82.44034641131346,404.463021465914,Minor
6265.0,252.12884645744333,182.45108422230646,Minor
6267.0,329.3123294095488,1073.8917873661476,Minor
6292.0,323.0129481088435,173.62669864291175,Minor
6332.0,497.91740475157957,192.61359019561513,Minor
6357.0,306.598966801467,171.83504922619073,Minor
6404.0,294.4335315542654,177.11597627254503,Minor
6407.0,295.0348973200511,213.37360106655746,Minor
6425.0,131.7775867113701,195.5254618618422,Minor
6426.0,135.7967001967839,157.01252509243668,Minor
6427.0,257.12703776233695,172.43935608870189,Minor
6442.0,131.07022322030292,212.85808090150647,Minor
6470.0,345.51260892305413,146.45308687222098,Minor
6523.0,292.97069122164635,171.14179334455278,Minor
6621.0,287.1917997864595,184.87574991190672,Minor
6658.0,285.84723400231564,197.3964893970178,Minor
6739.0,237.45214255394967,202.2443349511076,Minor
6768.0,167.0387883073496,211.3385684891502,Minor
6769.0,367.109095616054,142.28395980586313,Minor
6778.0,223.6189408877658,180.35409669301038,Minor
6808.0,132.80037555929385,163.72515452283685,Minor
6869.0,271.3871571302586,181.24555542982586,Minor
6912.0,125.61573723008686,199.684789006819,Minor
6923.0,198.58969563897836,186.10268882101826,Minor
6951.0,416.9507565153426,131.11284104827263,Minor
6954.0,211.19042634642028,159.3797997648523,Minor
6995.0,173.55048548971678,305.9010082629334,Minor
7006.0,256.0730641435715,211.5139044115228,Minor
7023.0,286.5653037464151,178.18125316116124,Minor
7064.0,349.43238626189503,166.29537223942594,Minor
7085.0,117.92960759893096,166.94113328636962,Minor
7112.0,130.25968881182587,139.240728124112,Minor
7155.0,113.54671844694789,200.46581876370718,Minor
7159.0,234.76978325933146,174.55052499693858,Minor
7161.0,236.54102651691184,169.6539621872406,Minor
7168.0,272.137529975079,368.5319225901521,Minor
7189.0,211.64733803364422,176.1902423139963,Minor
7200.0,373.14417999266703,162.50115137239425,Minor
7220.0,125.77202013629487,184.2935791066118,Minor
7358.0,308.7251752725227,267.7447091049676,Minor
7424.0,185.35517528554078,103.81143751207601,Minor
7445.0,301.3443163987546,175.46270500066908,Minor
7473.0,270.70980121646136,187.47112867280742,Minor
7478.0,114.68174176131328,197.93223338213778,Minor
7494.0,330.224693643761,169.1042256164351,Minor
7496.0,245.9997580742259,163.7742207529634,Minor
7507.0,209.09710605261492,175.2199775549338,Minor
7570.0,300.7659152047494,184.37261024270265,Minor
7578.0,352.0871901388807,151.53457717074429,Minor
7584.0,266.4118147434268,240.3486280499191,Minor
7618.0,285.5512608545829,268.5051114043464,Minor
7622.0,95.63077870150661,116.16373345787765,Minor
7685.0,279.58126833237395,143.3798998028576,Minor
7703.0,190.5754927203871,181.54198147218133,Minor
7813.0,118.3576763555951,136.7076561204015,Minor
7825.0,222.3433222606429,145.1769534488094,Minor
7872.0,171.86397681321023,182.348110606845,Minor
7896.0,121.79851064928722,258.15799771418085,Minor
7904.0,196.53462897181305,171.05452300358905,Minor
7935.0,156.20656089050178,194.52922197940046,Minor
7951.0,201.29829334873492,175.11888537513633,Minor
7962.0,110.99829918142711,129.52679031311607,Minor
7975.0,327.6826185465164,165.62456050743964,Minor
7978.0,325.03197820469893,140.0105191406531,Minor
8017.0,181.94519413434665,186.0801847897085,Minor
8062.0,306.61423841777906,164.5504190340503,Minor
8063.0,235.09892984272983,174.29212224733163,Minor
8170.0,75.23906564275477,192.52120861587804,Minor
8180.0,289.4816032274018,154.84410453480245,Minor
8270.0,274.45275861780425,153.4809312239929,Minor
8285.0,150.00641387291822,187.64567593670813,Minor
8286.0,291.0713269553138,153.30639186129198,Minor
8327.0,230.918749597588,165.04228675425648,Minor
8427.0,276.2939670833839,318.51585440316256,Minor
8456.0,137.63219568095803,201.11781082474604,Minor
8512.0,159.61358298155966,184.293722562825,Minor
8582.0,203.23839131592155,166.4751491999325,Minor
8630.0,240.91278778365634,161.38423100952585,Minor
8796.0,254.5772598242309,162.88315070302446,Minor
8878.0,107.87097414056143,171.8808539031755,Minor
8930.0,378.8273943287265,149.92913524674782,Minor
8974.0,92.60844872788726,194.0930130774957,Minor
9081.0,142.67072978195984,156.21888370629253,Minor
9188.0,246.44433483477056,158.85501339208471,Minor
9209.0,83.0624748222748,124.25910841919928,Minor
9374.0,111.91206631810331,119.98524065930593,Minor
9405.0,290.15088736581333,242.14107722158494,Minor
9478.0,151.09092256675237,195.25234538778057,Minor
9509.0,98.1719121276466,113.22155925868682,Minor
9531.0,97.66031777597041,140.26812550144413,Minor
9577.0,124.50802758992666,183.3708526733812,Minor
10063.0,277.43378508248804,147.05571402228944,Minor
10072.0,178.1889906873205,167.89762448824553,Minor
11326.0,106.87931474285905,128.45412387404386,Minor
11641.0,112.04783617933207,171.30702988042458,Minor
11938.0,91.84472446641252,170.1120765329023,Minor
12186.0,71.21383288653755,153.01879903270728,Minor
12679.0,117.00813379963168,168.16817838145178,Minor
